model_name,dropout,filtres_1,filtres_2,kernel_1,kernel_2,activation_1,activation_2,activation_3,epochs_effectuees,best_val_loss,best_val_acc,test_loss,test_acc
"conv_4relu-8relu_dropout_0.3relu_kernel_(2, 2)_(2, 2)",0.3,4,8,"(2, 2)","(2, 2)",relu,relu,relu,6,1.2007372379302979,0.835777759552002,1.2130615711212158,0.8238999843597412
"conv_4relu-8relu_dropout_0.3softmax_kernel_(2, 2)_(2, 2)",0.3,4,8,"(2, 2)","(2, 2)",relu,relu,softmax,17,0.07454519718885422,0.9806666374206543,0.07694502919912338,0.9760000109672546
"conv_4relu-8softmax_dropout_0.3relu_kernel_(2, 2)_(2, 2)",0.3,4,8,"(2, 2)","(2, 2)",relu,softmax,relu,5,1.0947086811065674,0.8103333115577698,1.1941602230072021,0.6812000274658203
"conv_4softmax-8relu_dropout_0.3relu_kernel_(2, 2)_(2, 2)",0.3,4,8,"(2, 2)","(2, 2)",softmax,relu,relu,4,1.5700671672821045,0.7603333592414856,1.6642353534698486,0.7523999810218811
"conv_4relu-8softmax_dropout_0.3softmax_kernel_(2, 2)_(2, 2)",0.3,4,8,"(2, 2)","(2, 2)",relu,softmax,softmax,14,0.07193489372730255,0.9792222380638123,0.07538159936666489,0.9749000072479248
"conv_4softmax-8relu_dropout_0.3relu_kernel_(2, 2)_(2, 2)",0.3,4,8,"(2, 2)","(2, 2)",softmax,relu,relu,6,1.2312068939208984,0.8142222166061401,1.301344633102417,0.7903000116348267
"conv_4softmax-8softmax_dropout_0.3relu_kernel_(2, 2)_(2, 2)",0.3,4,8,"(2, 2)","(2, 2)",softmax,softmax,relu,5,1.255122423171997,0.8086666464805603,1.4072970151901245,0.7944999933242798
"conv_4softmax-8softmax_dropout_0.3softmax_kernel_(2, 2)_(2, 2)",0.3,4,8,"(2, 2)","(2, 2)",softmax,softmax,softmax,18,0.06206873804330826,0.9826666712760925,0.06842633336782455,0.978600025177002
"conv_4relu-8relu_dropout_0.3relu_kernel_(3, 3)_(2, 2)",0.3,4,8,"(3, 3)","(2, 2)",relu,relu,relu,5,1.243421196937561,0.7914444208145142,1.2656739950180054,0.7401000261306763
"conv_4relu-8relu_dropout_0.3softmax_kernel_(3, 3)_(2, 2)",0.3,4,8,"(3, 3)","(2, 2)",relu,relu,softmax,16,0.05695432424545288,0.9835555553436279,0.05827360972762108,0.9815000295639038
"conv_4relu-8softmax_dropout_0.3relu_kernel_(3, 3)_(2, 2)",0.3,4,8,"(3, 3)","(2, 2)",relu,softmax,relu,8,0.8966900706291199,0.8677777647972107,0.9799304604530334,0.7817999720573425
"conv_4softmax-8relu_dropout_0.3relu_kernel_(3, 3)_(2, 2)",0.3,4,8,"(3, 3)","(2, 2)",softmax,relu,relu,4,1.6474699974060059,0.5474444627761841,1.661897897720337,0.5371000170707703
"conv_4relu-8softmax_dropout_0.3softmax_kernel_(3, 3)_(2, 2)",0.3,4,8,"(3, 3)","(2, 2)",relu,softmax,softmax,12,0.06545397639274597,0.9818888902664185,0.06403428316116333,0.9799000024795532
"conv_4softmax-8relu_dropout_0.3relu_kernel_(3, 3)_(2, 2)",0.3,4,8,"(3, 3)","(2, 2)",softmax,relu,relu,4,1.1845899820327759,0.8001111149787903,1.2702218294143677,0.7802000045776367
"conv_4softmax-8softmax_dropout_0.3relu_kernel_(3, 3)_(2, 2)",0.3,4,8,"(3, 3)","(2, 2)",softmax,softmax,relu,3,1.3600562810897827,0.7545555830001831,1.3943030834197998,0.701200008392334
"conv_4softmax-8softmax_dropout_0.3softmax_kernel_(3, 3)_(2, 2)",0.3,4,8,"(3, 3)","(2, 2)",softmax,softmax,softmax,19,0.05917291343212128,0.9835555553436279,0.05588536337018013,0.982200026512146
"conv_4relu-8relu_dropout_0.3relu_kernel_(4, 4)_(3, 3)",0.3,4,8,"(4, 4)","(3, 3)",relu,relu,relu,4,1.481919765472412,0.7124444246292114,1.5957541465759277,0.6988999843597412
"conv_4relu-8relu_dropout_0.3softmax_kernel_(4, 4)_(3, 3)",0.3,4,8,"(4, 4)","(3, 3)",relu,relu,softmax,17,0.05222473293542862,0.9853333234786987,0.04672373831272125,0.984000027179718
"conv_4relu-8softmax_dropout_0.3relu_kernel_(4, 4)_(3, 3)",0.3,4,8,"(4, 4)","(3, 3)",relu,softmax,relu,4,1.3869285583496094,0.6836666464805603,1.4210213422775269,0.6869000196456909
"conv_4softmax-8relu_dropout_0.3relu_kernel_(4, 4)_(3, 3)",0.3,4,8,"(4, 4)","(3, 3)",softmax,relu,relu,4,2.30129337310791,0.35022222995758057,2.2953996658325195,0.10209999978542328
"conv_4relu-8softmax_dropout_0.3softmax_kernel_(4, 4)_(3, 3)",0.3,4,8,"(4, 4)","(3, 3)",relu,softmax,softmax,16,0.05126744508743286,0.984000027179718,0.0498395673930645,0.984000027179718
"conv_4softmax-8relu_dropout_0.3relu_kernel_(4, 4)_(3, 3)",0.3,4,8,"(4, 4)","(3, 3)",softmax,relu,relu,11,1.0057098865509033,0.8665555715560913,1.066245675086975,0.8537999987602234
"conv_4softmax-8softmax_dropout_0.3relu_kernel_(4, 4)_(3, 3)",0.3,4,8,"(4, 4)","(3, 3)",softmax,softmax,relu,8,1.0180057287216187,0.8386666774749756,1.149269461631775,0.8241000175476074
"conv_4softmax-8softmax_dropout_0.3softmax_kernel_(4, 4)_(3, 3)",0.3,4,8,"(4, 4)","(3, 3)",softmax,softmax,softmax,16,0.05255485698580742,0.9851111173629761,0.052440185099840164,0.9822999835014343
"conv_4relu-8relu_dropout_0.3relu_kernel_(5, 5)_(3, 3)",0.3,4,8,"(5, 5)","(3, 3)",relu,relu,relu,3,1.9731154441833496,0.24888889491558075,2.0289106369018555,0.2362000048160553
"conv_4relu-8relu_dropout_0.3softmax_kernel_(5, 5)_(3, 3)",0.3,4,8,"(5, 5)","(3, 3)",relu,relu,softmax,15,0.052627578377723694,0.9851111173629761,0.05050428956747055,0.982699990272522
"conv_4relu-8softmax_dropout_0.3relu_kernel_(5, 5)_(3, 3)",0.3,4,8,"(5, 5)","(3, 3)",relu,softmax,relu,6,0.9110143184661865,0.8685555458068848,0.929108202457428,0.8560000061988831
"conv_4softmax-8relu_dropout_0.3relu_kernel_(5, 5)_(3, 3)",0.3,4,8,"(5, 5)","(3, 3)",softmax,relu,relu,6,1.0403448343276978,0.8598889112472534,1.084274172782898,0.8586000204086304
"conv_4relu-8softmax_dropout_0.3softmax_kernel_(5, 5)_(3, 3)",0.3,4,8,"(5, 5)","(3, 3)",relu,softmax,softmax,18,0.051955971866846085,0.984333336353302,0.05076053738594055,0.9833999872207642
"conv_4softmax-8relu_dropout_0.3relu_kernel_(5, 5)_(3, 3)",0.3,4,8,"(5, 5)","(3, 3)",softmax,relu,relu,7,1.1654677391052246,0.8482221961021423,1.1908104419708252,0.8252000212669373
"conv_4softmax-8softmax_dropout_0.3relu_kernel_(5, 5)_(3, 3)",0.3,4,8,"(5, 5)","(3, 3)",softmax,softmax,relu,8,1.3550639152526855,0.7620000243186951,1.3799184560775757,0.6111999750137329
"conv_4softmax-8softmax_dropout_0.3softmax_kernel_(5, 5)_(3, 3)",0.3,4,8,"(5, 5)","(3, 3)",softmax,softmax,softmax,16,0.0545378215610981,0.9835555553436279,0.052546802908182144,0.9821000099182129
"conv_4relu-8relu_dropout_0.3relu_kernel_(5, 5)_(4, 4)",0.3,4,8,"(5, 5)","(4, 4)",relu,relu,relu,11,1.0242702960968018,0.8697777986526489,1.0777320861816406,0.8246999979019165
"conv_4relu-8relu_dropout_0.3softmax_kernel_(5, 5)_(4, 4)",0.3,4,8,"(5, 5)","(4, 4)",relu,relu,softmax,10,0.0640755444765091,0.9811111092567444,0.06175946071743965,0.9797999858856201
"conv_4relu-8softmax_dropout_0.3relu_kernel_(5, 5)_(4, 4)",0.3,4,8,"(5, 5)","(4, 4)",relu,softmax,relu,10,1.118965983390808,0.8125555515289307,1.135299563407898,0.8059999942779541
"conv_4softmax-8relu_dropout_0.3relu_kernel_(5, 5)_(4, 4)",0.3,4,8,"(5, 5)","(4, 4)",softmax,relu,relu,6,1.6766330003738403,0.7072222232818604,1.6971062421798706,0.5394999980926514
"conv_4relu-8softmax_dropout_0.3softmax_kernel_(5, 5)_(4, 4)",0.3,4,8,"(5, 5)","(4, 4)",relu,softmax,softmax,14,0.05543513223528862,0.9845555424690247,0.04948512092232704,0.9846000075340271
"conv_4softmax-8relu_dropout_0.3relu_kernel_(5, 5)_(4, 4)",0.3,4,8,"(5, 5)","(4, 4)",softmax,relu,relu,11,1.1152595281600952,0.8435555696487427,1.1445924043655396,0.8391000032424927
"conv_4softmax-8softmax_dropout_0.3relu_kernel_(5, 5)_(4, 4)",0.3,4,8,"(5, 5)","(4, 4)",softmax,softmax,relu,6,1.0815489292144775,0.8441110849380493,1.0671089887619019,0.8307999968528748
"conv_4softmax-8softmax_dropout_0.3softmax_kernel_(5, 5)_(4, 4)",0.3,4,8,"(5, 5)","(4, 4)",softmax,softmax,softmax,20,0.049507394433021545,0.9855555295944214,0.043968506157398224,0.9851999878883362
"conv_8relu-16relu_dropout_0.3relu_kernel_(2, 2)_(2, 2)",0.3,8,16,"(2, 2)","(2, 2)",relu,relu,relu,3,2.0239083766937256,0.23733332753181458,2.0989723205566406,0.21459999680519104
"conv_8relu-16relu_dropout_0.3softmax_kernel_(2, 2)_(2, 2)",0.3,8,16,"(2, 2)","(2, 2)",relu,relu,softmax,7,0.06382783502340317,0.9818888902664185,0.06144161522388458,0.9807000160217285
"conv_8relu-16softmax_dropout_0.3relu_kernel_(2, 2)_(2, 2)",0.3,8,16,"(2, 2)","(2, 2)",relu,softmax,relu,3,2.237346887588501,0.12733332812786102,2.2362842559814453,0.12680000066757202
"conv_8softmax-16relu_dropout_0.3relu_kernel_(2, 2)_(2, 2)",0.3,8,16,"(2, 2)","(2, 2)",softmax,relu,relu,4,2.3023273944854736,0.22277778387069702,2.30259108543396,0.09799999743700027
"conv_8relu-16softmax_dropout_0.3softmax_kernel_(2, 2)_(2, 2)",0.3,8,16,"(2, 2)","(2, 2)",relu,softmax,softmax,15,0.04656502604484558,0.9869999885559082,0.04414522275328636,0.984499990940094
"conv_8softmax-16relu_dropout_0.3relu_kernel_(2, 2)_(2, 2)",0.3,8,16,"(2, 2)","(2, 2)",softmax,relu,relu,4,2.2972114086151123,0.22655555605888367,2.2982161045074463,0.09989999979734421
"conv_8softmax-16softmax_dropout_0.3relu_kernel_(2, 2)_(2, 2)",0.3,8,16,"(2, 2)","(2, 2)",softmax,softmax,relu,5,2.258155584335327,0.21044445037841797,2.2595317363739014,0.11670000106096268
"conv_8softmax-16softmax_dropout_0.3softmax_kernel_(2, 2)_(2, 2)",0.3,8,16,"(2, 2)","(2, 2)",softmax,softmax,softmax,12,0.04956720024347305,0.9864444732666016,0.04292643070220947,0.9865999817848206
"conv_8relu-16relu_dropout_0.3relu_kernel_(3, 3)_(2, 2)",0.3,8,16,"(3, 3)","(2, 2)",relu,relu,relu,3,1.91447913646698,0.4431111216545105,1.9291318655014038,0.4348999857902527
"conv_8relu-16relu_dropout_0.3softmax_kernel_(3, 3)_(2, 2)",0.3,8,16,"(3, 3)","(2, 2)",relu,relu,softmax,13,0.045766983181238174,0.9867777824401855,0.04513390362262726,0.9850000143051147
"conv_8relu-16softmax_dropout_0.3relu_kernel_(3, 3)_(2, 2)",0.3,8,16,"(3, 3)","(2, 2)",relu,softmax,relu,3,1.1902393102645874,0.7378888726234436,1.282996416091919,0.7258999943733215
"conv_8softmax-16relu_dropout_0.3relu_kernel_(3, 3)_(2, 2)",0.3,8,16,"(3, 3)","(2, 2)",softmax,relu,relu,5,1.2928194999694824,0.7948889136314392,1.2772467136383057,0.6212999820709229
"conv_8relu-16softmax_dropout_0.3softmax_kernel_(3, 3)_(2, 2)",0.3,8,16,"(3, 3)","(2, 2)",relu,softmax,softmax,13,0.04357746243476868,0.987666666507721,0.042079418897628784,0.9855999946594238
"conv_8softmax-16relu_dropout_0.3relu_kernel_(3, 3)_(2, 2)",0.3,8,16,"(3, 3)","(2, 2)",softmax,relu,relu,3,2.0062572956085205,0.5299999713897705,2.052973508834839,0.5167999863624573
"conv_8softmax-16softmax_dropout_0.3relu_kernel_(3, 3)_(2, 2)",0.3,8,16,"(3, 3)","(2, 2)",softmax,softmax,relu,4,2.1143686771392822,0.18255555629730225,2.11350679397583,0.18160000443458557
"conv_8softmax-16softmax_dropout_0.3softmax_kernel_(3, 3)_(2, 2)",0.3,8,16,"(3, 3)","(2, 2)",softmax,softmax,softmax,7,0.05437340587377548,0.9851111173629761,0.046778880059719086,0.9847999811172485
"conv_8relu-16relu_dropout_0.3relu_kernel_(4, 4)_(3, 3)",0.3,8,16,"(4, 4)","(3, 3)",relu,relu,relu,3,1.2424269914627075,0.8045555353164673,1.2216131687164307,0.7968000173568726
"conv_8relu-16relu_dropout_0.3softmax_kernel_(4, 4)_(3, 3)",0.3,8,16,"(4, 4)","(3, 3)",relu,relu,softmax,16,0.04275760054588318,0.9875555634498596,0.034009236842393875,0.9886999726295471
"conv_8relu-16softmax_dropout_0.3relu_kernel_(4, 4)_(3, 3)",0.3,8,16,"(4, 4)","(3, 3)",relu,softmax,relu,3,2.1542205810546875,0.15477778017520905,2.160188674926758,0.15410000085830688
"conv_8softmax-16relu_dropout_0.3relu_kernel_(4, 4)_(3, 3)",0.3,8,16,"(4, 4)","(3, 3)",softmax,relu,relu,3,1.750586986541748,0.6437777876853943,1.7473450899124146,0.6402000188827515
"conv_8relu-16softmax_dropout_0.3softmax_kernel_(4, 4)_(3, 3)",0.3,8,16,"(4, 4)","(3, 3)",relu,softmax,softmax,18,0.03354813903570175,0.9901111125946045,0.03196360915899277,0.9897000193595886
"conv_8softmax-16relu_dropout_0.3relu_kernel_(4, 4)_(3, 3)",0.3,8,16,"(4, 4)","(3, 3)",softmax,relu,relu,4,2.0604183673858643,0.46888887882232666,2.0613203048706055,0.17180000245571136
"conv_8softmax-16softmax_dropout_0.3relu_kernel_(4, 4)_(3, 3)",0.3,8,16,"(4, 4)","(3, 3)",softmax,softmax,relu,3,2.15246844291687,0.16955555975437164,2.162227153778076,0.16830000281333923
"conv_8softmax-16softmax_dropout_0.3softmax_kernel_(4, 4)_(3, 3)",0.3,8,16,"(4, 4)","(3, 3)",softmax,softmax,softmax,12,0.03716498985886574,0.9895555377006531,0.03203992545604706,0.9890000224113464
"conv_8relu-16relu_dropout_0.3relu_kernel_(5, 5)_(3, 3)",0.3,8,16,"(5, 5)","(3, 3)",relu,relu,relu,3,1.7493873834609985,0.43844443559646606,1.7284505367279053,0.43650001287460327
"conv_8relu-16relu_dropout_0.3softmax_kernel_(5, 5)_(3, 3)",0.3,8,16,"(5, 5)","(3, 3)",relu,relu,softmax,8,0.04782574623823166,0.9860000014305115,0.04290207475423813,0.9847999811172485
"conv_8relu-16softmax_dropout_0.3relu_kernel_(5, 5)_(3, 3)",0.3,8,16,"(5, 5)","(3, 3)",relu,softmax,relu,3,1.7663650512695312,0.35688889026641846,1.7849622964859009,0.3587999939918518
"conv_8softmax-16relu_dropout_0.3relu_kernel_(5, 5)_(3, 3)",0.3,8,16,"(5, 5)","(3, 3)",softmax,relu,relu,4,2.265406847000122,0.49933332204818726,2.2716469764709473,0.10980000346899033
"conv_8relu-16softmax_dropout_0.3softmax_kernel_(5, 5)_(3, 3)",0.3,8,16,"(5, 5)","(3, 3)",relu,softmax,softmax,10,0.04354896768927574,0.9877777695655823,0.03727944940328598,0.988099992275238
"conv_8softmax-16relu_dropout_0.3relu_kernel_(5, 5)_(3, 3)",0.3,8,16,"(5, 5)","(3, 3)",softmax,relu,relu,5,1.331785798072815,0.7517777681350708,1.4107625484466553,0.7376999855041504
"conv_8softmax-16softmax_dropout_0.3relu_kernel_(5, 5)_(3, 3)",0.3,8,16,"(5, 5)","(3, 3)",softmax,softmax,relu,4,2.260115623474121,0.0989999994635582,2.269432783126831,0.09799999743700027
"conv_8softmax-16softmax_dropout_0.3softmax_kernel_(5, 5)_(3, 3)",0.3,8,16,"(5, 5)","(3, 3)",softmax,softmax,softmax,14,0.03429093956947327,0.9907777905464172,0.027662411332130432,0.9907000064849854
"conv_8relu-16relu_dropout_0.3relu_kernel_(5, 5)_(4, 4)",0.3,8,16,"(5, 5)","(4, 4)",relu,relu,relu,3,2.07075834274292,0.30844444036483765,2.067110300064087,0.3070000112056732
"conv_8relu-16relu_dropout_0.3softmax_kernel_(5, 5)_(4, 4)",0.3,8,16,"(5, 5)","(4, 4)",relu,relu,softmax,12,0.03828097879886627,0.9894444346427917,0.0321333110332489,0.9896000027656555
"conv_8relu-16softmax_dropout_0.3relu_kernel_(5, 5)_(4, 4)",0.3,8,16,"(5, 5)","(4, 4)",relu,softmax,relu,3,1.1764469146728516,0.8142222166061401,1.2213058471679688,0.8061000108718872
"conv_8softmax-16relu_dropout_0.3relu_kernel_(5, 5)_(4, 4)",0.3,8,16,"(5, 5)","(4, 4)",softmax,relu,relu,4,1.2568944692611694,0.8306666612625122,1.2595399618148804,0.8230999708175659
"conv_8relu-16softmax_dropout_0.3softmax_kernel_(5, 5)_(4, 4)",0.3,8,16,"(5, 5)","(4, 4)",relu,softmax,softmax,8,0.039814479649066925,0.9883333444595337,0.035364337265491486,0.9879000186920166
"conv_8softmax-16relu_dropout_0.3relu_kernel_(5, 5)_(4, 4)",0.3,8,16,"(5, 5)","(4, 4)",softmax,relu,relu,4,2.123838424682617,0.6494444608688354,2.158262252807617,0.13510000705718994
"conv_8softmax-16softmax_dropout_0.3relu_kernel_(5, 5)_(4, 4)",0.3,8,16,"(5, 5)","(4, 4)",softmax,softmax,relu,5,0.9226232767105103,0.8982222080230713,0.9174365401268005,0.8878999948501587
"conv_8softmax-16softmax_dropout_0.3softmax_kernel_(5, 5)_(4, 4)",0.3,8,16,"(5, 5)","(4, 4)",softmax,softmax,softmax,12,0.0402318574488163,0.9893333315849304,0.03273914381861687,0.989300012588501
"conv_16relu-32relu_dropout_0.3relu_kernel_(2, 2)_(2, 2)",0.3,16,32,"(2, 2)","(2, 2)",relu,relu,relu,3,2.2300102710723877,0.2711111009120941,2.1963798999786377,0.26489999890327454
"conv_16relu-32relu_dropout_0.3softmax_kernel_(2, 2)_(2, 2)",0.3,16,32,"(2, 2)","(2, 2)",relu,relu,softmax,7,0.049685727804899216,0.9856666922569275,0.047274403274059296,0.9853000044822693
"conv_16relu-32softmax_dropout_0.3relu_kernel_(2, 2)_(2, 2)",0.3,16,32,"(2, 2)","(2, 2)",relu,softmax,relu,9,2.1206908226013184,0.2290000021457672,2.1003997325897217,0.1915999948978424
"conv_16softmax-32relu_dropout_0.3relu_kernel_(2, 2)_(2, 2)",0.3,16,32,"(2, 2)","(2, 2)",softmax,relu,relu,4,2.2155985832214355,0.5523333549499512,2.2194669246673584,0.13410000503063202
"conv_16relu-32softmax_dropout_0.3softmax_kernel_(2, 2)_(2, 2)",0.3,16,32,"(2, 2)","(2, 2)",relu,softmax,softmax,9,0.04353439435362816,0.988111138343811,0.035875946283340454,0.9887999892234802
"conv_16softmax-32relu_dropout_0.3relu_kernel_(2, 2)_(2, 2)",0.3,16,32,"(2, 2)","(2, 2)",softmax,relu,relu,3,2.098083257675171,0.3898888826370239,2.0960400104522705,0.3905999958515167
"conv_16softmax-32softmax_dropout_0.3relu_kernel_(2, 2)_(2, 2)",0.3,16,32,"(2, 2)","(2, 2)",softmax,softmax,relu,6,1.9973573684692383,0.2182222157716751,2.0132791996002197,0.21439999341964722
"conv_16softmax-32softmax_dropout_0.3softmax_kernel_(2, 2)_(2, 2)",0.3,16,32,"(2, 2)","(2, 2)",softmax,softmax,softmax,8,0.045277614146471024,0.9869999885559082,0.04248674958944321,0.9860000014305115
"conv_16relu-32relu_dropout_0.3relu_kernel_(3, 3)_(2, 2)",0.3,16,32,"(3, 3)","(2, 2)",relu,relu,relu,3,1.83765709400177,0.5555555820465088,1.880847454071045,0.5457000136375427
"conv_16relu-32relu_dropout_0.3softmax_kernel_(3, 3)_(2, 2)",0.3,16,32,"(3, 3)","(2, 2)",relu,relu,softmax,7,0.04447278752923012,0.9874444603919983,0.04082779958844185,0.9871000051498413
"conv_16relu-32softmax_dropout_0.3relu_kernel_(3, 3)_(2, 2)",0.3,16,32,"(3, 3)","(2, 2)",relu,softmax,relu,3,1.9032573699951172,0.27033331990242004,1.902422308921814,0.27480000257492065
"conv_16softmax-32relu_dropout_0.3relu_kernel_(3, 3)_(2, 2)",0.3,16,32,"(3, 3)","(2, 2)",softmax,relu,relu,4,2.2969553470611572,0.472555547952652,2.3012094497680664,0.0982000008225441
"conv_16relu-32softmax_dropout_0.3softmax_kernel_(3, 3)_(2, 2)",0.3,16,32,"(3, 3)","(2, 2)",relu,softmax,softmax,10,0.03786787763237953,0.9893333315849304,0.03700872138142586,0.9883000254631042
"conv_16softmax-32relu_dropout_0.3relu_kernel_(3, 3)_(2, 2)",0.3,16,32,"(3, 3)","(2, 2)",softmax,relu,relu,6,2.2503926753997803,0.4354444444179535,2.2560782432556152,0.11819999665021896
"conv_16softmax-32softmax_dropout_0.3relu_kernel_(3, 3)_(2, 2)",0.3,16,32,"(3, 3)","(2, 2)",softmax,softmax,relu,4,2.300792694091797,0.09977778047323227,2.3025779724121094,0.09849999845027924
"conv_16softmax-32softmax_dropout_0.3softmax_kernel_(3, 3)_(2, 2)",0.3,16,32,"(3, 3)","(2, 2)",softmax,softmax,softmax,9,0.04669967666268349,0.9882222414016724,0.03768587484955788,0.9891999959945679
"conv_16relu-32relu_dropout_0.3relu_kernel_(4, 4)_(3, 3)",0.3,16,32,"(4, 4)","(3, 3)",relu,relu,relu,3,1.895027995109558,0.49433332681655884,1.9142417907714844,0.48330000042915344
"conv_16relu-32relu_dropout_0.3softmax_kernel_(4, 4)_(3, 3)",0.3,16,32,"(4, 4)","(3, 3)",relu,relu,softmax,9,0.036554183810949326,0.9895555377006531,0.029056530445814133,0.9905999898910522
"conv_16relu-32softmax_dropout_0.3relu_kernel_(4, 4)_(3, 3)",0.3,16,32,"(4, 4)","(3, 3)",relu,softmax,relu,3,2.2145583629608154,0.13633333146572113,2.1899893283843994,0.1477999985218048
"conv_16softmax-32relu_dropout_0.3relu_kernel_(4, 4)_(3, 3)",0.3,16,32,"(4, 4)","(3, 3)",softmax,relu,relu,3,2.2358548641204834,0.5038889050483704,2.229945421218872,0.49050000309944153
"conv_16relu-32softmax_dropout_0.3softmax_kernel_(4, 4)_(3, 3)",0.3,16,32,"(4, 4)","(3, 3)",relu,softmax,softmax,6,0.03457111120223999,0.9900000095367432,0.0336972251534462,0.9891999959945679
"conv_16softmax-32relu_dropout_0.3relu_kernel_(4, 4)_(3, 3)",0.3,16,32,"(4, 4)","(3, 3)",softmax,relu,relu,3,2.132387161254883,0.3862222135066986,2.1481800079345703,0.3930000066757202
"conv_16softmax-32softmax_dropout_0.3relu_kernel_(4, 4)_(3, 3)",0.3,16,32,"(4, 4)","(3, 3)",softmax,softmax,relu,6,2.2509052753448486,0.6104444265365601,2.2597620487213135,0.1071000024676323
"conv_16softmax-32softmax_dropout_0.3softmax_kernel_(4, 4)_(3, 3)",0.3,16,32,"(4, 4)","(3, 3)",softmax,softmax,softmax,8,0.0368141271173954,0.9895555377006531,0.034681737422943115,0.9883999824523926
"conv_16relu-32relu_dropout_0.3relu_kernel_(5, 5)_(3, 3)",0.3,16,32,"(5, 5)","(3, 3)",relu,relu,relu,3,1.9355462789535522,0.3266666531562805,1.9329338073730469,0.3174999952316284
"conv_16relu-32relu_dropout_0.3softmax_kernel_(5, 5)_(3, 3)",0.3,16,32,"(5, 5)","(3, 3)",relu,relu,softmax,10,0.03457876667380333,0.9906666874885559,0.029651494696736336,0.9902999997138977
"conv_16relu-32softmax_dropout_0.3relu_kernel_(5, 5)_(3, 3)",0.3,16,32,"(5, 5)","(3, 3)",relu,softmax,relu,3,1.9400664567947388,0.2635555565357208,1.9435878992080688,0.267300009727478
"conv_16softmax-32relu_dropout_0.3relu_kernel_(5, 5)_(3, 3)",0.3,16,32,"(5, 5)","(3, 3)",softmax,relu,relu,4,2.250919818878174,0.3610000014305115,2.260498046875,0.10769999772310257
"conv_16relu-32softmax_dropout_0.3softmax_kernel_(5, 5)_(3, 3)",0.3,16,32,"(5, 5)","(3, 3)",relu,softmax,softmax,8,0.03130343183875084,0.9897778034210205,0.028580715879797935,0.9911999702453613
"conv_16softmax-32relu_dropout_0.3relu_kernel_(5, 5)_(3, 3)",0.3,16,32,"(5, 5)","(3, 3)",softmax,relu,relu,4,2.1730151176452637,0.43299999833106995,2.1837174892425537,0.1467999964952469
"conv_16softmax-32softmax_dropout_0.3relu_kernel_(5, 5)_(3, 3)",0.3,16,32,"(5, 5)","(3, 3)",softmax,softmax,relu,3,2.3025832176208496,0.0989999994635582,2.30259108543396,0.09799999743700027
"conv_16softmax-32softmax_dropout_0.3softmax_kernel_(5, 5)_(3, 3)",0.3,16,32,"(5, 5)","(3, 3)",softmax,softmax,softmax,12,0.03323156014084816,0.9911110997200012,0.028884829953312874,0.9904999732971191
"conv_16relu-32relu_dropout_0.3relu_kernel_(5, 5)_(4, 4)",0.3,16,32,"(5, 5)","(4, 4)",relu,relu,relu,3,1.2573081254959106,0.8255555629730225,1.2656540870666504,0.8104000091552734
"conv_16relu-32relu_dropout_0.3softmax_kernel_(5, 5)_(4, 4)",0.3,16,32,"(5, 5)","(4, 4)",relu,relu,softmax,6,0.04461175203323364,0.9869999885559082,0.03512417897582054,0.9883000254631042
"conv_16relu-32softmax_dropout_0.3relu_kernel_(5, 5)_(4, 4)",0.3,16,32,"(5, 5)","(4, 4)",relu,softmax,relu,3,0.9660714268684387,0.8132222294807434,1.134690523147583,0.7949000000953674
"conv_16softmax-32relu_dropout_0.3relu_kernel_(5, 5)_(4, 4)",0.3,16,32,"(5, 5)","(4, 4)",softmax,relu,relu,3,2.187298536300659,0.1841111183166504,2.1940457820892334,0.18279999494552612
"conv_16relu-32softmax_dropout_0.3softmax_kernel_(5, 5)_(4, 4)",0.3,16,32,"(5, 5)","(4, 4)",relu,softmax,softmax,7,0.035517122596502304,0.9903333187103271,0.03127385303378105,0.989799976348877
"conv_16softmax-32relu_dropout_0.3relu_kernel_(5, 5)_(4, 4)",0.3,16,32,"(5, 5)","(4, 4)",softmax,relu,relu,4,2.2169034481048584,0.2525555491447449,2.210979461669922,0.12870000302791595
"conv_16softmax-32softmax_dropout_0.3relu_kernel_(5, 5)_(4, 4)",0.3,16,32,"(5, 5)","(4, 4)",softmax,softmax,relu,3,2.16727352142334,0.1997777819633484,2.146946430206299,0.20489999651908875
"conv_16softmax-32softmax_dropout_0.3softmax_kernel_(5, 5)_(4, 4)",0.3,16,32,"(5, 5)","(4, 4)",softmax,softmax,softmax,6,0.03913336992263794,0.9893333315849304,0.03244827687740326,0.9884999990463257
"conv_32relu-64relu_dropout_0.3relu_kernel_(2, 2)_(2, 2)",0.3,32,64,"(2, 2)","(2, 2)",relu,relu,relu,4,2.3025832176208496,0.17666666209697723,2.30259108543396,0.09799999743700027
"conv_32relu-64relu_dropout_0.3softmax_kernel_(2, 2)_(2, 2)",0.3,32,64,"(2, 2)","(2, 2)",relu,relu,softmax,6,0.05133428797125816,0.9868888854980469,0.04666154831647873,0.9857000112533569
"conv_32relu-64softmax_dropout_0.3relu_kernel_(2, 2)_(2, 2)",0.3,32,64,"(2, 2)","(2, 2)",relu,softmax,relu,6,2.28544282913208,0.10644444078207016,2.2910778522491455,0.10300000011920929
"conv_32softmax-64relu_dropout_0.3relu_kernel_(2, 2)_(2, 2)",0.3,32,64,"(2, 2)","(2, 2)",softmax,relu,relu,4,2.1761996746063232,0.38011109828948975,2.1970133781433105,0.14550000429153442
"conv_32relu-64softmax_dropout_0.3softmax_kernel_(2, 2)_(2, 2)",0.3,32,64,"(2, 2)","(2, 2)",relu,softmax,softmax,5,0.04113692790269852,0.9893333315849304,0.038719069212675095,0.987500011920929
"conv_32softmax-64relu_dropout_0.3relu_kernel_(2, 2)_(2, 2)",0.3,32,64,"(2, 2)","(2, 2)",softmax,relu,relu,4,2.3025832176208496,0.3065555691719055,2.30259108543396,0.09799999743700027
"conv_32softmax-64softmax_dropout_0.3relu_kernel_(2, 2)_(2, 2)",0.3,32,64,"(2, 2)","(2, 2)",softmax,softmax,relu,4,2.0652008056640625,0.19155555963516235,2.0704104900360107,0.19460000097751617
"conv_32softmax-64softmax_dropout_0.3softmax_kernel_(2, 2)_(2, 2)",0.3,32,64,"(2, 2)","(2, 2)",softmax,softmax,softmax,9,0.04297872260212898,0.9882222414016724,0.03800126537680626,0.9884999990463257
"conv_32relu-64relu_dropout_0.3relu_kernel_(3, 3)_(2, 2)",0.3,32,64,"(3, 3)","(2, 2)",relu,relu,relu,3,2.2367749214172363,0.21944443881511688,2.257256269454956,0.20649999380111694
"conv_32relu-64relu_dropout_0.3softmax_kernel_(3, 3)_(2, 2)",0.3,32,64,"(3, 3)","(2, 2)",relu,relu,softmax,6,0.048209577798843384,0.9878888726234436,0.04415107145905495,0.98580002784729
"conv_32relu-64softmax_dropout_0.3relu_kernel_(3, 3)_(2, 2)",0.3,32,64,"(3, 3)","(2, 2)",relu,softmax,relu,6,2.1531684398651123,0.15444444119930267,2.184130907058716,0.1234000027179718
"conv_32softmax-64relu_dropout_0.3relu_kernel_(3, 3)_(2, 2)",0.3,32,64,"(3, 3)","(2, 2)",softmax,relu,relu,3,1.832857370376587,0.5441111326217651,1.8153835535049438,0.5573999881744385
"conv_32relu-64softmax_dropout_0.3softmax_kernel_(3, 3)_(2, 2)",0.3,32,64,"(3, 3)","(2, 2)",relu,softmax,softmax,8,0.0354493223130703,0.9896666407585144,0.03487176075577736,0.9887999892234802
"conv_32softmax-64relu_dropout_0.3relu_kernel_(3, 3)_(2, 2)",0.3,32,64,"(3, 3)","(2, 2)",softmax,relu,relu,3,1.5381579399108887,0.5305555462837219,1.5869216918945312,0.5253000259399414
"conv_32softmax-64softmax_dropout_0.3relu_kernel_(3, 3)_(2, 2)",0.3,32,64,"(3, 3)","(2, 2)",softmax,softmax,relu,3,2.3025832176208496,0.0989999994635582,2.30259108543396,0.09799999743700027
"conv_32softmax-64softmax_dropout_0.3softmax_kernel_(3, 3)_(2, 2)",0.3,32,64,"(3, 3)","(2, 2)",softmax,softmax,softmax,7,0.044638559222221375,0.9882222414016724,0.03610678017139435,0.9883999824523926
"conv_32relu-64relu_dropout_0.3relu_kernel_(4, 4)_(3, 3)",0.3,32,64,"(4, 4)","(3, 3)",relu,relu,relu,5,2.2961881160736084,0.253888875246048,2.2956831455230713,0.10100000351667404
"conv_32relu-64relu_dropout_0.3softmax_kernel_(4, 4)_(3, 3)",0.3,32,64,"(4, 4)","(3, 3)",relu,relu,softmax,5,0.045365847647190094,0.9877777695655823,0.03923887386918068,0.9864000082015991
"conv_32relu-64softmax_dropout_0.3relu_kernel_(4, 4)_(3, 3)",0.3,32,64,"(4, 4)","(3, 3)",relu,softmax,relu,5,2.08323073387146,0.19655555486679077,2.0679187774658203,0.20029999315738678
"conv_32softmax-64relu_dropout_0.3relu_kernel_(4, 4)_(3, 3)",0.3,32,64,"(4, 4)","(3, 3)",softmax,relu,relu,3,1.9825019836425781,0.4228888750076294,1.9795783758163452,0.4171999990940094
"conv_32relu-64softmax_dropout_0.3softmax_kernel_(4, 4)_(3, 3)",0.3,32,64,"(4, 4)","(3, 3)",relu,softmax,softmax,4,0.03536659851670265,0.9895555377006531,0.03318333253264427,0.9879000186920166
"conv_32softmax-64relu_dropout_0.3relu_kernel_(4, 4)_(3, 3)",0.3,32,64,"(4, 4)","(3, 3)",softmax,relu,relu,6,2.1734507083892822,0.5568888783454895,2.198216199874878,0.15299999713897705
"conv_32softmax-64softmax_dropout_0.3relu_kernel_(4, 4)_(3, 3)",0.3,32,64,"(4, 4)","(3, 3)",softmax,softmax,relu,5,2.1723616123199463,0.12133333086967468,2.182518482208252,0.1193000003695488
"conv_32softmax-64softmax_dropout_0.3softmax_kernel_(4, 4)_(3, 3)",0.3,32,64,"(4, 4)","(3, 3)",softmax,softmax,softmax,7,0.03654084354639053,0.9911110997200012,0.028567535802721977,0.991100013256073
"conv_32relu-64relu_dropout_0.3relu_kernel_(5, 5)_(3, 3)",0.3,32,64,"(5, 5)","(3, 3)",relu,relu,relu,5,2.137822389602661,0.5788888931274414,2.1319310665130615,0.17329999804496765
"conv_32relu-64relu_dropout_0.3softmax_kernel_(5, 5)_(3, 3)",0.3,32,64,"(5, 5)","(3, 3)",relu,relu,softmax,6,0.03576481714844704,0.9902222156524658,0.030074723064899445,0.9909999966621399
"conv_32relu-64softmax_dropout_0.3relu_kernel_(5, 5)_(3, 3)",0.3,32,64,"(5, 5)","(3, 3)",relu,softmax,relu,6,2.289536476135254,0.0989999994635582,2.295222520828247,0.09799999743700027
"conv_32softmax-64relu_dropout_0.3relu_kernel_(5, 5)_(3, 3)",0.3,32,64,"(5, 5)","(3, 3)",softmax,relu,relu,3,2.1774604320526123,0.3213333189487457,2.210888385772705,0.325300008058548
"conv_32relu-64softmax_dropout_0.3softmax_kernel_(5, 5)_(3, 3)",0.3,32,64,"(5, 5)","(3, 3)",relu,softmax,softmax,5,0.04007844626903534,0.9888888597488403,0.03591911867260933,0.9886000156402588
"conv_32softmax-64relu_dropout_0.3relu_kernel_(5, 5)_(3, 3)",0.3,32,64,"(5, 5)","(3, 3)",softmax,relu,relu,3,2.2376720905303955,0.5533333420753479,2.2288475036621094,0.5688999891281128
"conv_32softmax-64softmax_dropout_0.3relu_kernel_(5, 5)_(3, 3)",0.3,32,64,"(5, 5)","(3, 3)",softmax,softmax,relu,4,2.2559421062469482,0.09922222048044205,2.256546974182129,0.09830000251531601
"conv_32softmax-64softmax_dropout_0.3softmax_kernel_(5, 5)_(3, 3)",0.3,32,64,"(5, 5)","(3, 3)",softmax,softmax,softmax,7,0.03368033841252327,0.9919999837875366,0.02890676259994507,0.9916999936103821
"conv_32relu-64relu_dropout_0.3relu_kernel_(5, 5)_(4, 4)",0.3,32,64,"(5, 5)","(4, 4)",relu,relu,relu,4,2.300536870956421,0.29911109805107117,2.3014397621154785,0.09809999912977219
"conv_32relu-64relu_dropout_0.3softmax_kernel_(5, 5)_(4, 4)",0.3,32,64,"(5, 5)","(4, 4)",relu,relu,softmax,6,0.03875238448381424,0.9902222156524658,0.027007952332496643,0.9915000200271606
"conv_32relu-64softmax_dropout_0.3relu_kernel_(5, 5)_(4, 4)",0.3,32,64,"(5, 5)","(4, 4)",relu,softmax,relu,5,2.190526008605957,0.1442222148180008,2.164113998413086,0.1551000028848648
"conv_32softmax-64relu_dropout_0.3relu_kernel_(5, 5)_(4, 4)",0.3,32,64,"(5, 5)","(4, 4)",softmax,relu,relu,4,2.238156795501709,0.23688888549804688,2.2427172660827637,0.1006999984383583
"conv_32relu-64softmax_dropout_0.3softmax_kernel_(5, 5)_(4, 4)",0.3,32,64,"(5, 5)","(4, 4)",relu,softmax,softmax,6,0.03666192665696144,0.9904444217681885,0.03759098798036575,0.9889000058174133
"conv_32softmax-64relu_dropout_0.3relu_kernel_(5, 5)_(4, 4)",0.3,32,64,"(5, 5)","(4, 4)",softmax,relu,relu,4,1.7986522912979126,0.41411110758781433,1.8759492635726929,0.2623000144958496
"conv_32softmax-64softmax_dropout_0.3relu_kernel_(5, 5)_(4, 4)",0.3,32,64,"(5, 5)","(4, 4)",softmax,softmax,relu,5,2.1288375854492188,0.32111111283302307,2.143016815185547,0.11190000176429749
"conv_32softmax-64softmax_dropout_0.3softmax_kernel_(5, 5)_(4, 4)",0.3,32,64,"(5, 5)","(4, 4)",softmax,softmax,softmax,11,0.032739367336034775,0.9912222027778625,0.024653326719999313,0.9925000071525574
"conv_4relu-8relu_dropout_0.5relu_kernel_(2, 2)_(2, 2)",0.5,4,8,"(2, 2)","(2, 2)",relu,relu,relu,8,1.1493579149246216,0.8454444408416748,1.1895831823349,0.6747999787330627
"conv_4relu-8relu_dropout_0.5softmax_kernel_(2, 2)_(2, 2)",0.5,4,8,"(2, 2)","(2, 2)",relu,relu,softmax,20,0.08113367110490799,0.976111114025116,0.08778753876686096,0.9742000102996826
"conv_4relu-8softmax_dropout_0.5relu_kernel_(2, 2)_(2, 2)",0.5,4,8,"(2, 2)","(2, 2)",relu,softmax,relu,5,1.313498854637146,0.7893333435058594,1.3467971086502075,0.7817999720573425
"conv_4softmax-8relu_dropout_0.5relu_kernel_(2, 2)_(2, 2)",0.5,4,8,"(2, 2)","(2, 2)",softmax,relu,relu,8,1.255000114440918,0.8413333296775818,1.2808921337127686,0.8328999876976013
"conv_4relu-8softmax_dropout_0.5softmax_kernel_(2, 2)_(2, 2)",0.5,4,8,"(2, 2)","(2, 2)",relu,softmax,softmax,20,0.07585369050502777,0.980222225189209,0.08364079892635345,0.9743000268936157
"conv_4softmax-8relu_dropout_0.5relu_kernel_(2, 2)_(2, 2)",0.5,4,8,"(2, 2)","(2, 2)",softmax,relu,relu,5,1.460602879524231,0.7984444499015808,1.6044508218765259,0.7807999849319458
"conv_4softmax-8softmax_dropout_0.5relu_kernel_(2, 2)_(2, 2)",0.5,4,8,"(2, 2)","(2, 2)",softmax,softmax,relu,8,1.1504179239273071,0.8346666693687439,1.2258341312408447,0.8015999794006348
"conv_4softmax-8softmax_dropout_0.5softmax_kernel_(2, 2)_(2, 2)",0.5,4,8,"(2, 2)","(2, 2)",softmax,softmax,softmax,19,0.07963324338197708,0.9781110882759094,0.08336032181978226,0.9749000072479248
"conv_4relu-8relu_dropout_0.5relu_kernel_(3, 3)_(2, 2)",0.5,4,8,"(3, 3)","(2, 2)",relu,relu,relu,5,1.1605972051620483,0.859666645526886,1.2201709747314453,0.8479999899864197
"conv_4relu-8relu_dropout_0.5softmax_kernel_(3, 3)_(2, 2)",0.5,4,8,"(3, 3)","(2, 2)",relu,relu,softmax,19,0.0664866641163826,0.981333315372467,0.06679286807775497,0.9783999919891357
"conv_4relu-8softmax_dropout_0.5relu_kernel_(3, 3)_(2, 2)",0.5,4,8,"(3, 3)","(2, 2)",relu,softmax,relu,7,0.7151023745536804,0.8918889164924622,0.8206703066825867,0.8248000144958496
"conv_4softmax-8relu_dropout_0.5relu_kernel_(3, 3)_(2, 2)",0.5,4,8,"(3, 3)","(2, 2)",softmax,relu,relu,8,1.0446280241012573,0.8363333344459534,1.2088701725006104,0.7612000107765198
"conv_4relu-8softmax_dropout_0.5softmax_kernel_(3, 3)_(2, 2)",0.5,4,8,"(3, 3)","(2, 2)",relu,softmax,softmax,20,0.06780089437961578,0.981333315372467,0.0639558732509613,0.9789000153541565
"conv_4softmax-8relu_dropout_0.5relu_kernel_(3, 3)_(2, 2)",0.5,4,8,"(3, 3)","(2, 2)",softmax,relu,relu,7,1.1845117807388306,0.8096666932106018,1.2978595495224,0.6984999775886536
"conv_4softmax-8softmax_dropout_0.5relu_kernel_(3, 3)_(2, 2)",0.5,4,8,"(3, 3)","(2, 2)",softmax,softmax,relu,7,0.9805954694747925,0.8758888840675354,1.0519927740097046,0.8693000078201294
"conv_4softmax-8softmax_dropout_0.5softmax_kernel_(3, 3)_(2, 2)",0.5,4,8,"(3, 3)","(2, 2)",softmax,softmax,softmax,11,0.08197064697742462,0.9769999980926514,0.08229267597198486,0.974399983882904
"conv_4relu-8relu_dropout_0.5relu_kernel_(4, 4)_(3, 3)",0.5,4,8,"(4, 4)","(3, 3)",relu,relu,relu,7,1.159309983253479,0.8403333425521851,1.2408638000488281,0.829200029373169
"conv_4relu-8relu_dropout_0.5softmax_kernel_(4, 4)_(3, 3)",0.5,4,8,"(4, 4)","(3, 3)",relu,relu,softmax,18,0.06104971095919609,0.9824444651603699,0.056817155331373215,0.9811999797821045
"conv_4relu-8softmax_dropout_0.5relu_kernel_(4, 4)_(3, 3)",0.5,4,8,"(4, 4)","(3, 3)",relu,softmax,relu,8,1.1446977853775024,0.8478888869285583,1.1642792224884033,0.8378999829292297
"conv_4softmax-8relu_dropout_0.5relu_kernel_(4, 4)_(3, 3)",0.5,4,8,"(4, 4)","(3, 3)",softmax,relu,relu,16,1.120254397392273,0.8463333249092102,1.2123959064483643,0.789900004863739
"conv_4relu-8softmax_dropout_0.5softmax_kernel_(4, 4)_(3, 3)",0.5,4,8,"(4, 4)","(3, 3)",relu,softmax,softmax,18,0.05257764086127281,0.984000027179718,0.05405362695455551,0.9829000234603882
"conv_4softmax-8relu_dropout_0.5relu_kernel_(4, 4)_(3, 3)",0.5,4,8,"(4, 4)","(3, 3)",softmax,relu,relu,9,1.1762679815292358,0.8420000076293945,1.2384690046310425,0.695900022983551
"conv_4softmax-8softmax_dropout_0.5relu_kernel_(4, 4)_(3, 3)",0.5,4,8,"(4, 4)","(3, 3)",softmax,softmax,relu,17,0.9251748919487,0.8767777681350708,1.0189093351364136,0.8557000160217285
"conv_4softmax-8softmax_dropout_0.5softmax_kernel_(4, 4)_(3, 3)",0.5,4,8,"(4, 4)","(3, 3)",softmax,softmax,softmax,18,0.057599689811468124,0.9836666584014893,0.05517358332872391,0.9812999963760376
"conv_4relu-8relu_dropout_0.5relu_kernel_(5, 5)_(3, 3)",0.5,4,8,"(5, 5)","(3, 3)",relu,relu,relu,5,1.1520565748214722,0.8399999737739563,1.1356619596481323,0.8424000144004822
"conv_4relu-8relu_dropout_0.5softmax_kernel_(5, 5)_(3, 3)",0.5,4,8,"(5, 5)","(3, 3)",relu,relu,softmax,20,0.05723486468195915,0.9833333492279053,0.05532266944646835,0.9825000166893005
"conv_4relu-8softmax_dropout_0.5relu_kernel_(5, 5)_(3, 3)",0.5,4,8,"(5, 5)","(3, 3)",relu,softmax,relu,5,1.0623035430908203,0.8625555634498596,1.1809839010238647,0.843999981880188
"conv_4softmax-8relu_dropout_0.5relu_kernel_(5, 5)_(3, 3)",0.5,4,8,"(5, 5)","(3, 3)",softmax,relu,relu,5,1.175482988357544,0.7957777976989746,1.263927936553955,0.7912999987602234
"conv_4relu-8softmax_dropout_0.5softmax_kernel_(5, 5)_(3, 3)",0.5,4,8,"(5, 5)","(3, 3)",relu,softmax,softmax,20,0.046891964972019196,0.9872221946716309,0.04576072841882706,0.9848999977111816
"conv_4softmax-8relu_dropout_0.5relu_kernel_(5, 5)_(3, 3)",0.5,4,8,"(5, 5)","(3, 3)",softmax,relu,relu,8,1.0486196279525757,0.8416666388511658,1.083509922027588,0.8087000250816345
"conv_4softmax-8softmax_dropout_0.5relu_kernel_(5, 5)_(3, 3)",0.5,4,8,"(5, 5)","(3, 3)",softmax,softmax,relu,5,1.2640001773834229,0.8383333086967468,1.2617501020431519,0.8303999900817871
"conv_4softmax-8softmax_dropout_0.5softmax_kernel_(5, 5)_(3, 3)",0.5,4,8,"(5, 5)","(3, 3)",softmax,softmax,softmax,20,0.05340462550520897,0.9856666922569275,0.048914238810539246,0.9842000007629395
"conv_4relu-8relu_dropout_0.5relu_kernel_(5, 5)_(4, 4)",0.5,4,8,"(5, 5)","(4, 4)",relu,relu,relu,12,0.9938037395477295,0.8733333349227905,1.0191134214401245,0.8590999841690063
"conv_4relu-8relu_dropout_0.5softmax_kernel_(5, 5)_(4, 4)",0.5,4,8,"(5, 5)","(4, 4)",relu,relu,softmax,16,0.060135260224342346,0.9826666712760925,0.0579281747341156,0.9812999963760376
"conv_4relu-8softmax_dropout_0.5relu_kernel_(5, 5)_(4, 4)",0.5,4,8,"(5, 5)","(4, 4)",relu,softmax,relu,18,0.7317877411842346,0.8896666765213013,0.8514885902404785,0.8769000172615051
"conv_4softmax-8relu_dropout_0.5relu_kernel_(5, 5)_(4, 4)",0.5,4,8,"(5, 5)","(4, 4)",softmax,relu,relu,8,1.3365530967712402,0.8187777996063232,1.3556480407714844,0.8172000050544739
"conv_4relu-8softmax_dropout_0.5softmax_kernel_(5, 5)_(4, 4)",0.5,4,8,"(5, 5)","(4, 4)",relu,softmax,softmax,12,0.06787553429603577,0.9792222380638123,0.06206823140382767,0.9812999963760376
"conv_4softmax-8relu_dropout_0.5relu_kernel_(5, 5)_(4, 4)",0.5,4,8,"(5, 5)","(4, 4)",softmax,relu,relu,7,1.0538877248764038,0.863111138343811,1.0677320957183838,0.8569999933242798
"conv_4softmax-8softmax_dropout_0.5relu_kernel_(5, 5)_(4, 4)",0.5,4,8,"(5, 5)","(4, 4)",softmax,softmax,relu,8,1.189546823501587,0.8510000109672546,1.1584175825119019,0.8371999859809875
"conv_4softmax-8softmax_dropout_0.5softmax_kernel_(5, 5)_(4, 4)",0.5,4,8,"(5, 5)","(4, 4)",softmax,softmax,softmax,13,0.07003466784954071,0.9807778000831604,0.0675511509180069,0.977400004863739
"conv_8relu-16relu_dropout_0.5relu_kernel_(2, 2)_(2, 2)",0.5,8,16,"(2, 2)","(2, 2)",relu,relu,relu,4,2.2808380126953125,0.27266666293144226,2.283249616622925,0.10639999806880951
"conv_8relu-16relu_dropout_0.5softmax_kernel_(2, 2)_(2, 2)",0.5,8,16,"(2, 2)","(2, 2)",relu,relu,softmax,15,0.05169525742530823,0.9853333234786987,0.052120454609394073,0.982200026512146
"conv_8relu-16softmax_dropout_0.5relu_kernel_(2, 2)_(2, 2)",0.5,8,16,"(2, 2)","(2, 2)",relu,softmax,relu,3,2.301815986633301,0.09933333098888397,2.3019001483917236,0.09830000251531601
"conv_8softmax-16relu_dropout_0.5relu_kernel_(2, 2)_(2, 2)",0.5,8,16,"(2, 2)","(2, 2)",softmax,relu,relu,4,2.3025832176208496,0.30300000309944153,2.3021304607391357,0.0982000008225441
"conv_8relu-16softmax_dropout_0.5softmax_kernel_(2, 2)_(2, 2)",0.5,8,16,"(2, 2)","(2, 2)",relu,softmax,softmax,12,0.055719565600156784,0.984333336353302,0.05431155487895012,0.9821000099182129
"conv_8softmax-16relu_dropout_0.5relu_kernel_(2, 2)_(2, 2)",0.5,8,16,"(2, 2)","(2, 2)",softmax,relu,relu,4,1.8425335884094238,0.480777770280838,1.8742198944091797,0.2816999852657318
"conv_8softmax-16softmax_dropout_0.5relu_kernel_(2, 2)_(2, 2)",0.5,8,16,"(2, 2)","(2, 2)",softmax,softmax,relu,4,0.9143630862236023,0.8643333315849304,1.0405030250549316,0.859000027179718
"conv_8softmax-16softmax_dropout_0.5softmax_kernel_(2, 2)_(2, 2)",0.5,8,16,"(2, 2)","(2, 2)",softmax,softmax,softmax,8,0.05845971032977104,0.9825555682182312,0.05534955486655235,0.9818999767303467
"conv_8relu-16relu_dropout_0.5relu_kernel_(3, 3)_(2, 2)",0.5,8,16,"(3, 3)","(2, 2)",relu,relu,relu,3,2.229344606399536,0.1348888874053955,2.2167346477508545,0.13989999890327454
"conv_8relu-16relu_dropout_0.5softmax_kernel_(3, 3)_(2, 2)",0.5,8,16,"(3, 3)","(2, 2)",relu,relu,softmax,13,0.050880443304777145,0.9854444265365601,0.04713434725999832,0.9850000143051147
"conv_8relu-16softmax_dropout_0.5relu_kernel_(3, 3)_(2, 2)",0.5,8,16,"(3, 3)","(2, 2)",relu,softmax,relu,3,2.0627145767211914,0.2043333351612091,2.0678372383117676,0.20399999618530273
"conv_8softmax-16relu_dropout_0.5relu_kernel_(3, 3)_(2, 2)",0.5,8,16,"(3, 3)","(2, 2)",softmax,relu,relu,4,2.3018157482147217,0.39677777886390686,2.3033759593963623,0.0982000008225441
"conv_8relu-16softmax_dropout_0.5softmax_kernel_(3, 3)_(2, 2)",0.5,8,16,"(3, 3)","(2, 2)",relu,softmax,softmax,15,0.03890923410654068,0.9902222156524658,0.043013252317905426,0.9865000247955322
"conv_8softmax-16relu_dropout_0.5relu_kernel_(3, 3)_(2, 2)",0.5,8,16,"(3, 3)","(2, 2)",softmax,relu,relu,4,1.7938518524169922,0.4721111059188843,1.8146440982818604,0.2791999876499176
"conv_8softmax-16softmax_dropout_0.5relu_kernel_(3, 3)_(2, 2)",0.5,8,16,"(3, 3)","(2, 2)",softmax,softmax,relu,5,0.7780088782310486,0.8847777843475342,0.8223970532417297,0.8784000277519226
"conv_8softmax-16softmax_dropout_0.5softmax_kernel_(3, 3)_(2, 2)",0.5,8,16,"(3, 3)","(2, 2)",softmax,softmax,softmax,11,0.04851144179701805,0.9861111044883728,0.04717138409614563,0.9853000044822693
"conv_8relu-16relu_dropout_0.5relu_kernel_(4, 4)_(3, 3)",0.5,8,16,"(4, 4)","(3, 3)",relu,relu,relu,4,1.4025927782058716,0.7052222490310669,1.4977219104766846,0.6717000007629395
"conv_8relu-16relu_dropout_0.5softmax_kernel_(4, 4)_(3, 3)",0.5,8,16,"(4, 4)","(3, 3)",relu,relu,softmax,13,0.04274136200547218,0.9875555634498596,0.0354447066783905,0.9882000088691711
"conv_8relu-16softmax_dropout_0.5relu_kernel_(4, 4)_(3, 3)",0.5,8,16,"(4, 4)","(3, 3)",relu,softmax,relu,4,1.1867318153381348,0.8183333277702332,1.2686289548873901,0.8108999729156494
"conv_8softmax-16relu_dropout_0.5relu_kernel_(4, 4)_(3, 3)",0.5,8,16,"(4, 4)","(3, 3)",softmax,relu,relu,4,1.1493672132492065,0.8292222023010254,1.3103208541870117,0.8108999729156494
"conv_8relu-16softmax_dropout_0.5softmax_kernel_(4, 4)_(3, 3)",0.5,8,16,"(4, 4)","(3, 3)",relu,softmax,softmax,8,0.04805021733045578,0.9858888983726501,0.04845939949154854,0.9847000241279602
"conv_8softmax-16relu_dropout_0.5relu_kernel_(4, 4)_(3, 3)",0.5,8,16,"(4, 4)","(3, 3)",softmax,relu,relu,4,1.8740956783294678,0.7036666870117188,1.8845503330230713,0.2874000072479248
"conv_8softmax-16softmax_dropout_0.5relu_kernel_(4, 4)_(3, 3)",0.5,8,16,"(4, 4)","(3, 3)",softmax,softmax,relu,3,1.7742339372634888,0.5438888669013977,1.867613673210144,0.5318999886512756
"conv_8softmax-16softmax_dropout_0.5softmax_kernel_(4, 4)_(3, 3)",0.5,8,16,"(4, 4)","(3, 3)",softmax,softmax,softmax,15,0.03725038468837738,0.9900000095367432,0.03311851993203163,0.9890000224113464
"conv_8relu-16relu_dropout_0.5relu_kernel_(5, 5)_(3, 3)",0.5,8,16,"(5, 5)","(3, 3)",relu,relu,relu,3,1.6108760833740234,0.6742222309112549,1.6222435235977173,0.6606000065803528
"conv_8relu-16relu_dropout_0.5softmax_kernel_(5, 5)_(3, 3)",0.5,8,16,"(5, 5)","(3, 3)",relu,relu,softmax,9,0.04261048883199692,0.9878888726234436,0.04091064631938934,0.9865000247955322
"conv_8relu-16softmax_dropout_0.5relu_kernel_(5, 5)_(3, 3)",0.5,8,16,"(5, 5)","(3, 3)",relu,softmax,relu,3,2.0673470497131348,0.6347777843475342,2.1223204135894775,0.6309000253677368
"conv_8softmax-16relu_dropout_0.5relu_kernel_(5, 5)_(3, 3)",0.5,8,16,"(5, 5)","(3, 3)",softmax,relu,relu,4,2.296588659286499,0.39266666769981384,2.2966039180755615,0.1005999967455864
"conv_8relu-16softmax_dropout_0.5softmax_kernel_(5, 5)_(3, 3)",0.5,8,16,"(5, 5)","(3, 3)",relu,softmax,softmax,20,0.034869495779275894,0.9907777905464172,0.03118097223341465,0.9897000193595886
"conv_8softmax-16relu_dropout_0.5relu_kernel_(5, 5)_(3, 3)",0.5,8,16,"(5, 5)","(3, 3)",softmax,relu,relu,4,2.112081289291382,0.42133334279060364,2.127912759780884,0.1768999993801117
"conv_8softmax-16softmax_dropout_0.5relu_kernel_(5, 5)_(3, 3)",0.5,8,16,"(5, 5)","(3, 3)",softmax,softmax,relu,4,0.9724156856536865,0.8295555710792542,0.9976451396942139,0.8264999985694885
"conv_8softmax-16softmax_dropout_0.5softmax_kernel_(5, 5)_(3, 3)",0.5,8,16,"(5, 5)","(3, 3)",softmax,softmax,softmax,18,0.03455667570233345,0.9894444346427917,0.03068580850958824,0.9907000064849854
"conv_8relu-16relu_dropout_0.5relu_kernel_(5, 5)_(4, 4)",0.5,8,16,"(5, 5)","(4, 4)",relu,relu,relu,7,1.3218350410461426,0.7965555787086487,1.4015122652053833,0.6043999791145325
"conv_8relu-16relu_dropout_0.5softmax_kernel_(5, 5)_(4, 4)",0.5,8,16,"(5, 5)","(4, 4)",relu,relu,softmax,13,0.03871389478445053,0.9893333315849304,0.03782156482338905,0.9879999756813049
"conv_8relu-16softmax_dropout_0.5relu_kernel_(5, 5)_(4, 4)",0.5,8,16,"(5, 5)","(4, 4)",relu,softmax,relu,3,1.2344862222671509,0.8265555500984192,1.2851953506469727,0.8115000128746033
"conv_8softmax-16relu_dropout_0.5relu_kernel_(5, 5)_(4, 4)",0.5,8,16,"(5, 5)","(4, 4)",softmax,relu,relu,8,0.8605437278747559,0.8714444637298584,0.9688342809677124,0.8123000264167786
"conv_8relu-16softmax_dropout_0.5softmax_kernel_(5, 5)_(4, 4)",0.5,8,16,"(5, 5)","(4, 4)",relu,softmax,softmax,16,0.035721298307180405,0.9896666407585144,0.030764998868107796,0.9898999929428101
"conv_8softmax-16relu_dropout_0.5relu_kernel_(5, 5)_(4, 4)",0.5,8,16,"(5, 5)","(4, 4)",softmax,relu,relu,7,0.88068026304245,0.8881111145019531,0.9539100527763367,0.8791999816894531
"conv_8softmax-16softmax_dropout_0.5relu_kernel_(5, 5)_(4, 4)",0.5,8,16,"(5, 5)","(4, 4)",softmax,softmax,relu,9,0.7878237366676331,0.8966666460037231,0.7478348016738892,0.8896999955177307
"conv_8softmax-16softmax_dropout_0.5softmax_kernel_(5, 5)_(4, 4)",0.5,8,16,"(5, 5)","(4, 4)",softmax,softmax,softmax,17,0.0348527729511261,0.9894444346427917,0.03218691796064377,0.989799976348877
"conv_16relu-32relu_dropout_0.5relu_kernel_(2, 2)_(2, 2)",0.5,16,32,"(2, 2)","(2, 2)",relu,relu,relu,3,2.1164557933807373,0.19811111688613892,2.1213626861572266,0.19040000438690186
"conv_16relu-32relu_dropout_0.5softmax_kernel_(2, 2)_(2, 2)",0.5,16,32,"(2, 2)","(2, 2)",relu,relu,softmax,14,0.044217951595783234,0.9869999885559082,0.044083282351493835,0.9847999811172485
"conv_16relu-32softmax_dropout_0.5relu_kernel_(2, 2)_(2, 2)",0.5,16,32,"(2, 2)","(2, 2)",relu,softmax,relu,4,2.3023273944854736,0.09911110997200012,2.30259108543396,0.09799999743700027
"conv_16softmax-32relu_dropout_0.5relu_kernel_(2, 2)_(2, 2)",0.5,16,32,"(2, 2)","(2, 2)",softmax,relu,relu,4,2.3025832176208496,0.2669999897480011,2.302360773086548,0.09809999912977219
"conv_16relu-32softmax_dropout_0.5softmax_kernel_(2, 2)_(2, 2)",0.5,16,32,"(2, 2)","(2, 2)",relu,softmax,softmax,11,0.03902023285627365,0.9894444346427917,0.03943697735667229,0.9876999855041504
"conv_16softmax-32relu_dropout_0.5relu_kernel_(2, 2)_(2, 2)",0.5,16,32,"(2, 2)","(2, 2)",softmax,relu,relu,4,2.204341411590576,0.4350000023841858,2.195990800857544,0.14589999616146088
"conv_16softmax-32softmax_dropout_0.5relu_kernel_(2, 2)_(2, 2)",0.5,16,32,"(2, 2)","(2, 2)",softmax,softmax,relu,4,2.1749215126037598,0.1541111171245575,2.1691904067993164,0.156700000166893
"conv_16softmax-32softmax_dropout_0.5softmax_kernel_(2, 2)_(2, 2)",0.5,16,32,"(2, 2)","(2, 2)",softmax,softmax,softmax,9,0.05006381869316101,0.9860000014305115,0.04315083473920822,0.9858999848365784
"conv_16relu-32relu_dropout_0.5relu_kernel_(3, 3)_(2, 2)",0.5,16,32,"(3, 3)","(2, 2)",relu,relu,relu,4,2.299001932144165,0.3807777762413025,2.2993674278259277,0.09939999878406525
"conv_16relu-32relu_dropout_0.5softmax_kernel_(3, 3)_(2, 2)",0.5,16,32,"(3, 3)","(2, 2)",relu,relu,softmax,10,0.041049450635910034,0.9885555505752563,0.04131823778152466,0.987500011920929
"conv_16relu-32softmax_dropout_0.5relu_kernel_(3, 3)_(2, 2)",0.5,16,32,"(3, 3)","(2, 2)",relu,softmax,relu,4,2.297978639602661,0.10100000351667404,2.297755718231201,0.10010000318288803
"conv_16softmax-32relu_dropout_0.5relu_kernel_(3, 3)_(2, 2)",0.5,16,32,"(3, 3)","(2, 2)",softmax,relu,relu,4,2.3025832176208496,0.30311110615730286,2.30259108543396,0.09799999743700027
"conv_16relu-32softmax_dropout_0.5softmax_kernel_(3, 3)_(2, 2)",0.5,16,32,"(3, 3)","(2, 2)",relu,softmax,softmax,7,0.03933418542146683,0.9890000224113464,0.03353693336248398,0.9890000224113464
"conv_16softmax-32relu_dropout_0.5relu_kernel_(3, 3)_(2, 2)",0.5,16,32,"(3, 3)","(2, 2)",softmax,relu,relu,4,2.123957872390747,0.5987777709960938,2.1688358783721924,0.15839999914169312
"conv_16softmax-32softmax_dropout_0.5relu_kernel_(3, 3)_(2, 2)",0.5,16,32,"(3, 3)","(2, 2)",softmax,softmax,relu,3,2.165634870529175,0.201222226023674,2.1360812187194824,0.20659999549388885
"conv_16softmax-32softmax_dropout_0.5softmax_kernel_(3, 3)_(2, 2)",0.5,16,32,"(3, 3)","(2, 2)",softmax,softmax,softmax,12,0.03966141492128372,0.988777756690979,0.03527579829096794,0.9879000186920166
"conv_16relu-32relu_dropout_0.5relu_kernel_(4, 4)_(3, 3)",0.5,16,32,"(4, 4)","(3, 3)",relu,relu,relu,5,2.2475826740264893,0.3602222204208374,2.247328281402588,0.12200000137090683
"conv_16relu-32relu_dropout_0.5softmax_kernel_(4, 4)_(3, 3)",0.5,16,32,"(4, 4)","(3, 3)",relu,relu,softmax,11,0.039052579551935196,0.9896666407585144,0.028683125972747803,0.9901999831199646
"conv_16relu-32softmax_dropout_0.5relu_kernel_(4, 4)_(3, 3)",0.5,16,32,"(4, 4)","(3, 3)",relu,softmax,relu,3,2.1163570880889893,0.1863333284854889,2.1223182678222656,0.18780000507831573
"conv_16softmax-32relu_dropout_0.5relu_kernel_(4, 4)_(3, 3)",0.5,16,32,"(4, 4)","(3, 3)",softmax,relu,relu,4,2.2634408473968506,0.19644445180892944,2.2560787200927734,0.11819999665021896
"conv_16relu-32softmax_dropout_0.5softmax_kernel_(4, 4)_(3, 3)",0.5,16,32,"(4, 4)","(3, 3)",relu,softmax,softmax,10,0.0304582417011261,0.9915555715560913,0.027013687416911125,0.991100013256073
"conv_16softmax-32relu_dropout_0.5relu_kernel_(4, 4)_(3, 3)",0.5,16,32,"(4, 4)","(3, 3)",softmax,relu,relu,4,2.2063887119293213,0.36766666173934937,2.215787887573242,0.13680000603199005
"conv_16softmax-32softmax_dropout_0.5relu_kernel_(4, 4)_(3, 3)",0.5,16,32,"(4, 4)","(3, 3)",softmax,softmax,relu,4,2.1953916549682617,0.1455555558204651,2.1840081214904785,0.14949999749660492
"conv_16softmax-32softmax_dropout_0.5softmax_kernel_(4, 4)_(3, 3)",0.5,16,32,"(4, 4)","(3, 3)",softmax,softmax,softmax,14,0.03206712007522583,0.991777777671814,0.026473119854927063,0.9900000095367432
"conv_16relu-32relu_dropout_0.5relu_kernel_(5, 5)_(3, 3)",0.5,16,32,"(5, 5)","(3, 3)",relu,relu,relu,3,2.2266294956207275,0.36622223258018494,2.2535417079925537,0.35580000281333923
"conv_16relu-32relu_dropout_0.5softmax_kernel_(5, 5)_(3, 3)",0.5,16,32,"(5, 5)","(3, 3)",relu,relu,softmax,11,0.037437502294778824,0.9895555377006531,0.03118639811873436,0.9890999794006348
"conv_16relu-32softmax_dropout_0.5relu_kernel_(5, 5)_(3, 3)",0.5,16,32,"(5, 5)","(3, 3)",relu,softmax,relu,3,2.1316263675689697,0.1738888919353485,2.1552772521972656,0.16329999268054962
"conv_16softmax-32relu_dropout_0.5relu_kernel_(5, 5)_(3, 3)",0.5,16,32,"(5, 5)","(3, 3)",softmax,relu,relu,4,2.3025832176208496,0.269777774810791,2.302360773086548,0.09809999912977219
"conv_16relu-32softmax_dropout_0.5softmax_kernel_(5, 5)_(3, 3)",0.5,16,32,"(5, 5)","(3, 3)",relu,softmax,softmax,8,0.03533177450299263,0.9898889064788818,0.030697140842676163,0.9900000095367432
"conv_16softmax-32relu_dropout_0.5relu_kernel_(5, 5)_(3, 3)",0.5,16,32,"(5, 5)","(3, 3)",softmax,relu,relu,3,2.119706869125366,0.36044445633888245,2.125119209289551,0.374099999666214
"conv_16softmax-32softmax_dropout_0.5relu_kernel_(5, 5)_(3, 3)",0.5,16,32,"(5, 5)","(3, 3)",softmax,softmax,relu,6,2.2066447734832764,0.140666663646698,2.2222869396209717,0.1339000016450882
"conv_16softmax-32softmax_dropout_0.5softmax_kernel_(5, 5)_(3, 3)",0.5,16,32,"(5, 5)","(3, 3)",softmax,softmax,softmax,10,0.033578380942344666,0.9911110997200012,0.02461932599544525,0.9908000230789185
"conv_16relu-32relu_dropout_0.5relu_kernel_(5, 5)_(4, 4)",0.5,16,32,"(5, 5)","(4, 4)",relu,relu,relu,5,2.2759017944335938,0.30988889932632446,2.2720823287963867,0.09799999743700027
"conv_16relu-32relu_dropout_0.5softmax_kernel_(5, 5)_(4, 4)",0.5,16,32,"(5, 5)","(4, 4)",relu,relu,softmax,10,0.03361677750945091,0.9905555844306946,0.032443657517433167,0.9894999861717224
"conv_16relu-32softmax_dropout_0.5relu_kernel_(5, 5)_(4, 4)",0.5,16,32,"(5, 5)","(4, 4)",relu,softmax,relu,3,2.116417646408081,0.16244444251060486,2.152224063873291,0.15209999680519104
"conv_16softmax-32relu_dropout_0.5relu_kernel_(5, 5)_(4, 4)",0.5,16,32,"(5, 5)","(4, 4)",softmax,relu,relu,3,2.2321557998657227,0.16966666281223297,2.226996898651123,0.17829999327659607
"conv_16relu-32softmax_dropout_0.5softmax_kernel_(5, 5)_(4, 4)",0.5,16,32,"(5, 5)","(4, 4)",relu,softmax,softmax,10,0.03244540095329285,0.9913333058357239,0.02440745383501053,0.9916999936103821
"conv_16softmax-32relu_dropout_0.5relu_kernel_(5, 5)_(4, 4)",0.5,16,32,"(5, 5)","(4, 4)",softmax,relu,relu,4,1.1928764581680298,0.679444432258606,1.1933239698410034,0.675599992275238
"conv_16softmax-32softmax_dropout_0.5relu_kernel_(5, 5)_(4, 4)",0.5,16,32,"(5, 5)","(4, 4)",softmax,softmax,relu,3,2.3025832176208496,0.0989999994635582,2.30259108543396,0.09799999743700027
"conv_16softmax-32softmax_dropout_0.5softmax_kernel_(5, 5)_(4, 4)",0.5,16,32,"(5, 5)","(4, 4)",softmax,softmax,softmax,12,0.03192991390824318,0.9911110997200012,0.026158582419157028,0.991599977016449
"conv_32relu-64relu_dropout_0.5relu_kernel_(2, 2)_(2, 2)",0.5,32,64,"(2, 2)","(2, 2)",relu,relu,relu,4,2.3023273944854736,0.2925555408000946,2.30259108543396,0.09799999743700027
"conv_32relu-64relu_dropout_0.5softmax_kernel_(2, 2)_(2, 2)",0.5,32,64,"(2, 2)","(2, 2)",relu,relu,softmax,8,0.04957922175526619,0.988444447517395,0.04535355046391487,0.9872999787330627
"conv_32relu-64softmax_dropout_0.5relu_kernel_(2, 2)_(2, 2)",0.5,32,64,"(2, 2)","(2, 2)",relu,softmax,relu,5,2.2555103302001953,0.2034444510936737,2.2740378379821777,0.1103999987244606
"conv_32softmax-64relu_dropout_0.5relu_kernel_(2, 2)_(2, 2)",0.5,32,64,"(2, 2)","(2, 2)",softmax,relu,relu,4,2.2276241779327393,0.46622222661972046,2.236736536026001,0.1265999972820282
"conv_32relu-64softmax_dropout_0.5softmax_kernel_(2, 2)_(2, 2)",0.5,32,64,"(2, 2)","(2, 2)",relu,softmax,softmax,9,0.03969976678490639,0.9895555377006531,0.036244019865989685,0.9882000088691711
"conv_32softmax-64relu_dropout_0.5relu_kernel_(2, 2)_(2, 2)",0.5,32,64,"(2, 2)","(2, 2)",softmax,relu,relu,4,2.301815986633301,0.1783333271741867,2.3012094497680664,0.09860000014305115
"conv_32softmax-64softmax_dropout_0.5relu_kernel_(2, 2)_(2, 2)",0.5,32,64,"(2, 2)","(2, 2)",softmax,softmax,relu,5,2.301304578781128,0.09955555200576782,2.3016698360443115,0.09839999675750732
"conv_32softmax-64softmax_dropout_0.5softmax_kernel_(2, 2)_(2, 2)",0.5,32,64,"(2, 2)","(2, 2)",softmax,softmax,softmax,15,0.038018763065338135,0.9893333315849304,0.035662129521369934,0.9886000156402588
"conv_32relu-64relu_dropout_0.5relu_kernel_(3, 3)_(2, 2)",0.5,32,64,"(3, 3)","(2, 2)",relu,relu,relu,4,2.1920626163482666,0.4605555534362793,2.189302444458008,0.14720000326633453
"conv_32relu-64relu_dropout_0.5softmax_kernel_(3, 3)_(2, 2)",0.5,32,64,"(3, 3)","(2, 2)",relu,relu,softmax,4,0.053672827780246735,0.9864444732666016,0.047272272408008575,0.9847999811172485
"conv_32relu-64softmax_dropout_0.5relu_kernel_(3, 3)_(2, 2)",0.5,32,64,"(3, 3)","(2, 2)",relu,softmax,relu,4,2.3020715713500977,0.09922222048044205,2.302360773086548,0.09809999912977219
"conv_32softmax-64relu_dropout_0.5relu_kernel_(3, 3)_(2, 2)",0.5,32,64,"(3, 3)","(2, 2)",softmax,relu,relu,4,2.3025832176208496,0.18877777457237244,2.30259108543396,0.09799999743700027
"conv_32relu-64softmax_dropout_0.5softmax_kernel_(3, 3)_(2, 2)",0.5,32,64,"(3, 3)","(2, 2)",relu,softmax,softmax,9,0.03815174475312233,0.9901111125946045,0.0367194227874279,0.9896000027656555
"conv_32softmax-64relu_dropout_0.5relu_kernel_(3, 3)_(2, 2)",0.5,32,64,"(3, 3)","(2, 2)",softmax,relu,relu,4,2.286978244781494,0.49266666173934937,2.292229175567627,0.10249999910593033
"conv_32softmax-64softmax_dropout_0.5relu_kernel_(3, 3)_(2, 2)",0.5,32,64,"(3, 3)","(2, 2)",softmax,softmax,relu,4,2.1222221851348877,0.1254444420337677,2.1538145542144775,0.11670000106096268
"conv_32softmax-64softmax_dropout_0.5softmax_kernel_(3, 3)_(2, 2)",0.5,32,64,"(3, 3)","(2, 2)",softmax,softmax,softmax,8,0.04187191277742386,0.9883333444595337,0.037891633808612823,0.9876000285148621
"conv_32relu-64relu_dropout_0.5relu_kernel_(4, 4)_(3, 3)",0.5,32,64,"(4, 4)","(3, 3)",relu,relu,relu,4,2.291071653366089,0.5296666622161865,2.291999101638794,0.10260000079870224
"conv_32relu-64relu_dropout_0.5softmax_kernel_(4, 4)_(3, 3)",0.5,32,64,"(4, 4)","(3, 3)",relu,relu,softmax,9,0.034298721700906754,0.9904444217681885,0.03321976214647293,0.9894999861717224
"conv_32relu-64softmax_dropout_0.5relu_kernel_(4, 4)_(3, 3)",0.5,32,64,"(4, 4)","(3, 3)",relu,softmax,relu,5,2.297722816467285,0.10111111402511597,2.2956831455230713,0.10100000351667404
"conv_32softmax-64relu_dropout_0.5relu_kernel_(4, 4)_(3, 3)",0.5,32,64,"(4, 4)","(3, 3)",softmax,relu,relu,3,2.2108561992645264,0.5293333530426025,2.1855478286743164,0.4934999942779541
"conv_32relu-64softmax_dropout_0.5softmax_kernel_(4, 4)_(3, 3)",0.5,32,64,"(4, 4)","(3, 3)",relu,softmax,softmax,5,0.03458840027451515,0.9901111125946045,0.03186848387122154,0.9901999831199646
"conv_32softmax-64relu_dropout_0.5relu_kernel_(4, 4)_(3, 3)",0.5,32,64,"(4, 4)","(3, 3)",softmax,relu,relu,3,2.0825042724609375,0.35322222113609314,2.0806832313537598,0.36730000376701355
"conv_32softmax-64softmax_dropout_0.5relu_kernel_(4, 4)_(3, 3)",0.5,32,64,"(4, 4)","(3, 3)",softmax,softmax,relu,3,2.3025832176208496,0.0989999994635582,2.30259108543396,0.09799999743700027
"conv_32softmax-64softmax_dropout_0.5softmax_kernel_(4, 4)_(3, 3)",0.5,32,64,"(4, 4)","(3, 3)",softmax,softmax,softmax,8,0.03130989149212837,0.9911110997200012,0.029921721667051315,0.9901999831199646
"conv_32relu-64relu_dropout_0.5relu_kernel_(5, 5)_(3, 3)",0.5,32,64,"(5, 5)","(3, 3)",relu,relu,relu,6,2.1782190799713135,0.32633334398269653,2.169390916824341,0.15029999613761902
"conv_32relu-64relu_dropout_0.5softmax_kernel_(5, 5)_(3, 3)",0.5,32,64,"(5, 5)","(3, 3)",relu,relu,softmax,7,0.039777908474206924,0.9893333315849304,0.04139629006385803,0.9876999855041504
"conv_32relu-64softmax_dropout_0.5relu_kernel_(5, 5)_(3, 3)",0.5,32,64,"(5, 5)","(3, 3)",relu,softmax,relu,4,2.288768768310547,0.10333333164453506,2.294992208480835,0.09989999979734421
"conv_32softmax-64relu_dropout_0.5relu_kernel_(5, 5)_(3, 3)",0.5,32,64,"(5, 5)","(3, 3)",softmax,relu,relu,4,2.175107717514038,0.32644444704055786,2.1925253868103027,0.14640000462532043
"conv_32relu-64softmax_dropout_0.5softmax_kernel_(5, 5)_(3, 3)",0.5,32,64,"(5, 5)","(3, 3)",relu,softmax,softmax,7,0.032144274562597275,0.9918888807296753,0.027271460741758347,0.9916999936103821
"conv_32softmax-64relu_dropout_0.5relu_kernel_(5, 5)_(3, 3)",0.5,32,64,"(5, 5)","(3, 3)",softmax,relu,relu,4,2.298234701156616,0.21311111748218536,2.297064781188965,0.10040000081062317
"conv_32softmax-64softmax_dropout_0.5relu_kernel_(5, 5)_(3, 3)",0.5,32,64,"(5, 5)","(3, 3)",softmax,softmax,relu,4,2.2979788780212402,0.10100000351667404,2.2993671894073486,0.09939999878406525
"conv_32softmax-64softmax_dropout_0.5softmax_kernel_(5, 5)_(3, 3)",0.5,32,64,"(5, 5)","(3, 3)",softmax,softmax,softmax,8,0.036010291427373886,0.9903333187103271,0.02828596532344818,0.9908000230789185
"conv_32relu-64relu_dropout_0.5relu_kernel_(5, 5)_(4, 4)",0.5,32,64,"(5, 5)","(4, 4)",relu,relu,relu,3,2.208569049835205,0.5995555520057678,2.2407984733581543,0.5759999752044678
"conv_32relu-64relu_dropout_0.5softmax_kernel_(5, 5)_(4, 4)",0.5,32,64,"(5, 5)","(4, 4)",relu,relu,softmax,15,0.031189333647489548,0.9923333525657654,0.027002567425370216,0.9922999739646912
"conv_32relu-64softmax_dropout_0.5relu_kernel_(5, 5)_(4, 4)",0.5,32,64,"(5, 5)","(4, 4)",relu,softmax,relu,6,2.261394500732422,0.0989999994635582,2.2637617588043213,0.09799999743700027
"conv_32softmax-64relu_dropout_0.5relu_kernel_(5, 5)_(4, 4)",0.5,32,64,"(5, 5)","(4, 4)",softmax,relu,relu,4,2.199892044067383,0.5104444622993469,2.2158114910125732,0.11159999668598175
"conv_32relu-64softmax_dropout_0.5softmax_kernel_(5, 5)_(4, 4)",0.5,32,64,"(5, 5)","(4, 4)",relu,softmax,softmax,5,0.035024598240852356,0.9896666407585144,0.026333171874284744,0.9907000064849854
"conv_32softmax-64relu_dropout_0.5relu_kernel_(5, 5)_(4, 4)",0.5,32,64,"(5, 5)","(4, 4)",softmax,relu,relu,6,2.2370893955230713,0.4566666781902313,2.248709201812744,0.09799999743700027
"conv_32softmax-64softmax_dropout_0.5relu_kernel_(5, 5)_(4, 4)",0.5,32,64,"(5, 5)","(4, 4)",softmax,softmax,relu,3,2.1100170612335205,0.4108888804912567,2.1375370025634766,0.4027999937534332
"conv_32softmax-64softmax_dropout_0.5softmax_kernel_(5, 5)_(4, 4)",0.5,32,64,"(5, 5)","(4, 4)",softmax,softmax,softmax,11,0.032276783138513565,0.9923333525657654,0.02187761664390564,0.9929999709129333
