classe,nombre_images,intensite_moyenne,ecart_type_moyen,ecart_type_maximum
0,5923,0.17339932918548584,0.1762910634279251,0.4433397948741913
1,6742,0.07599864155054092,0.09480278939008713,0.4485507011413574
2,5958,0.14897513389587402,0.18461021780967712,0.4461126923561096
3,6131,0.14153015613555908,0.1693161129951477,0.43907225131988525
4,5842,0.12136560678482056,0.16014300286769867,0.4396285116672516
5,5421,0.12874940037727356,0.1757352352142334,0.43960312008857727
6,5918,0.13730178773403168,0.16013169288635254,0.4379691779613495
7,6265,0.11452770233154297,0.14910176396369934,0.44023647904396057
8,5851,0.15015597641468048,0.16769008338451385,0.43457716703414917
9,5949,0.12258994579315186,0.14861859381198883,0.4380764961242676
