experiment_name,run_id,filter_1,filter_2,dropout,repetition,seed,repetitions_requested,epochs_requested,epochs_completed,best_epoch,batch_size,validation_split,learning_rate,train_samples,validation_samples,test_samples,model_parameters,best_val_accuracy,best_val_loss,test_accuracy,test_loss,duration_seconds,status,error_message,completed_at_utc
surface_dense_dropout_04,f1_4__f2_8__dropout_0p4__seed_42,4,8,0.4,1,42,3,20,12,10,128,0.15,0.001,51000,9000,10000,2250,0.9817777872085571,0.06268707662820816,0.9822999835014343,0.0589095838367939,27.702,success,,2026-08-07T11:12:06+00:00
surface_dense_dropout_04,f1_4__f2_8__dropout_0p4__seed_43,4,8,0.4,2,43,3,20,16,14,128,0.15,0.001,51000,9000,10000,2250,0.984000027179718,0.0537501722574234,0.9861000180244446,0.04752578213810921,38.027,success,,2026-08-07T11:12:44+00:00
surface_dense_dropout_04,f1_4__f2_8__dropout_0p4__seed_44,4,8,0.4,3,44,3,20,18,16,128,0.15,0.001,51000,9000,10000,2250,0.9836666584014893,0.0552801676094532,0.9830999970436096,0.048659831285476685,47.419,success,,2026-08-07T11:13:32+00:00
surface_dense_dropout_04,f1_4__f2_16__dropout_0p4__seed_42,4,16,0.4,1,42,3,20,18,16,128,0.15,0.001,51000,9000,10000,4370,0.9878888726234436,0.041598834097385406,0.9879000186920166,0.03829341381788254,55.369,success,,2026-08-07T11:14:27+00:00
surface_dense_dropout_04,f1_4__f2_16__dropout_0p4__seed_43,4,16,0.4,2,43,3,20,13,11,128,0.15,0.001,51000,9000,10000,4370,0.987333357334137,0.04339871183037758,0.9884999990463257,0.03588417172431946,42.598,success,,2026-08-07T11:15:10+00:00
surface_dense_dropout_04,f1_4__f2_16__dropout_0p4__seed_44,4,16,0.4,3,44,3,20,13,11,128,0.15,0.001,51000,9000,10000,4370,0.9885555505752563,0.040925562381744385,0.9878000020980835,0.035655852407217026,44.605,success,,2026-08-07T11:15:54+00:00
surface_dense_dropout_04,f1_4__f2_24__dropout_0p4__seed_42,4,24,0.4,1,42,3,20,18,16,128,0.15,0.001,51000,9000,10000,6490,0.9883333444595337,0.03662171587347984,0.9900000095367432,0.031930189579725266,70.762,success,,2026-08-07T11:17:05+00:00
surface_dense_dropout_04,f1_4__f2_24__dropout_0p4__seed_43,4,24,0.4,2,43,3,20,15,13,128,0.15,0.001,51000,9000,10000,6490,0.9896666407585144,0.03650762513279915,0.9891999959945679,0.03034929744899273,56.409,success,,2026-08-07T11:18:01+00:00
surface_dense_dropout_04,f1_4__f2_24__dropout_0p4__seed_44,4,24,0.4,3,44,3,20,8,6,128,0.15,0.001,51000,9000,10000,6490,0.9856666922569275,0.046819232404232025,0.9847000241279602,0.043631285429000854,24.79,success,,2026-08-07T11:18:26+00:00
surface_dense_dropout_04,f1_4__f2_32__dropout_0p4__seed_42,4,32,0.4,1,42,3,20,14,12,128,0.15,0.001,51000,9000,10000,8610,0.9896666407585144,0.038432277739048004,0.9904999732971191,0.029896141961216927,43.576,success,,2026-08-07T11:19:10+00:00
surface_dense_dropout_04,f1_4__f2_32__dropout_0p4__seed_43,4,32,0.4,2,43,3,20,13,11,128,0.15,0.001,51000,9000,10000,8610,0.9902222156524658,0.03526058793067932,0.9914000034332275,0.027987945824861526,42.793,success,,2026-08-07T11:19:53+00:00
surface_dense_dropout_04,f1_4__f2_32__dropout_0p4__seed_44,4,32,0.4,3,44,3,20,18,16,128,0.15,0.001,51000,9000,10000,8610,0.9905555844306946,0.037288516759872437,0.9909999966621399,0.02608553133904934,60.757,success,,2026-08-07T11:20:53+00:00
surface_dense_dropout_04,f1_4__f2_40__dropout_0p4__seed_42,4,40,0.4,1,42,3,20,17,15,128,0.15,0.001,51000,9000,10000,10730,0.9906666874885559,0.034793030470609665,0.9897000193595886,0.029559476301074028,61.857,success,,2026-08-07T11:21:55+00:00
surface_dense_dropout_04,f1_4__f2_40__dropout_0p4__seed_43,4,40,0.4,2,43,3,20,15,13,128,0.15,0.001,51000,9000,10000,10730,0.9901111125946045,0.03562026098370552,0.9908999800682068,0.030649395659565926,57.068,success,,2026-08-07T11:22:52+00:00
surface_dense_dropout_04,f1_4__f2_40__dropout_0p4__seed_44,4,40,0.4,3,44,3,20,9,7,128,0.15,0.001,51000,9000,10000,10730,0.987333357334137,0.039464984089136124,0.9884999990463257,0.03492589294910431,31.557,success,,2026-08-07T11:23:24+00:00
surface_dense_dropout_04,f1_4__f2_48__dropout_0p4__seed_42,4,48,0.4,1,42,3,20,8,6,128,0.15,0.001,51000,9000,10000,12850,0.987333357334137,0.04627089947462082,0.9878000020980835,0.03699341416358948,29.918,success,,2026-08-07T11:23:54+00:00
surface_dense_dropout_04,f1_4__f2_48__dropout_0p4__seed_43,4,48,0.4,2,43,3,20,11,9,128,0.15,0.001,51000,9000,10000,12850,0.9891111254692078,0.03678933531045914,0.9907000064849854,0.02817416936159134,42.512,success,,2026-08-07T11:24:36+00:00
surface_dense_dropout_04,f1_4__f2_48__dropout_0p4__seed_44,4,48,0.4,3,44,3,20,11,9,128,0.15,0.001,51000,9000,10000,12850,0.9895555377006531,0.03599592298269272,0.9902999997138977,0.028209462761878967,41.799,success,,2026-08-07T11:25:18+00:00
surface_dense_dropout_04,f1_4__f2_64__dropout_0p4__seed_42,4,64,0.4,1,42,3,20,8,6,128,0.15,0.001,51000,9000,10000,17090,0.9869999885559082,0.04592916741967201,0.9882000088691711,0.039982300251722336,34.235,success,,2026-08-07T11:25:52+00:00
surface_dense_dropout_04,f1_4__f2_64__dropout_0p4__seed_43,4,64,0.4,2,43,3,20,9,7,128,0.15,0.001,51000,9000,10000,17090,0.9898889064788818,0.04130379110574722,0.988099992275238,0.03552285581827164,41.345,success,,2026-08-07T11:26:34+00:00
surface_dense_dropout_04,f1_4__f2_64__dropout_0p4__seed_44,4,64,0.4,3,44,3,20,10,8,128,0.15,0.001,51000,9000,10000,17090,0.9893333315849304,0.04063565656542778,0.9901000261306763,0.030056362971663475,43.849,success,,2026-08-07T11:27:18+00:00
surface_dense_dropout_04,f1_8__f2_8__dropout_0p4__seed_42,8,8,0.4,1,42,3,20,8,6,128,0.15,0.001,51000,9000,10000,3170,0.9835555553436279,0.05490928888320923,0.9850999712944031,0.05010591819882393,29.174,success,,2026-08-07T11:27:47+00:00
surface_dense_dropout_04,f1_8__f2_8__dropout_0p4__seed_43,8,8,0.4,2,43,3,20,15,13,128,0.15,0.001,51000,9000,10000,3170,0.9872221946716309,0.04624931514263153,0.9865000247955322,0.03946517035365105,51.83,success,,2026-08-07T11:28:39+00:00
surface_dense_dropout_04,f1_8__f2_8__dropout_0p4__seed_44,8,8,0.4,3,44,3,20,10,8,128,0.15,0.001,51000,9000,10000,3170,0.9850000143051147,0.05023777484893799,0.9848999977111816,0.044329605996608734,36.77,success,,2026-08-07T11:29:15+00:00
surface_dense_dropout_04,f1_8__f2_16__dropout_0p4__seed_42,8,16,0.4,1,42,3,20,11,9,128,0.15,0.001,51000,9000,10000,6090,0.9891111254692078,0.040792033076286316,0.9865999817848206,0.03917635232210159,42.912,success,,2026-08-07T11:29:58+00:00
surface_dense_dropout_04,f1_8__f2_16__dropout_0p4__seed_43,8,16,0.4,2,43,3,20,15,13,128,0.15,0.001,51000,9000,10000,6090,0.9883333444595337,0.03912162780761719,0.9905999898910522,0.026652349159121513,59.809,success,,2026-08-07T11:30:58+00:00
surface_dense_dropout_04,f1_8__f2_16__dropout_0p4__seed_44,8,16,0.4,3,44,3,20,14,12,128,0.15,0.001,51000,9000,10000,6090,0.9888888597488403,0.036856453865766525,0.9900000095367432,0.03169330209493637,57.582,success,,2026-08-07T11:31:56+00:00
surface_dense_dropout_04,f1_8__f2_24__dropout_0p4__seed_42,8,24,0.4,1,42,3,20,7,5,128,0.15,0.001,51000,9000,10000,9010,0.9885555505752563,0.042043767869472504,0.9882000088691711,0.036820005625486374,30.743,success,,2026-08-07T11:32:26+00:00
surface_dense_dropout_04,f1_8__f2_24__dropout_0p4__seed_43,8,24,0.4,2,43,3,20,9,7,128,0.15,0.001,51000,9000,10000,9010,0.9894444346427917,0.03532951697707176,0.9901000261306763,0.030233049765229225,36.735,success,,2026-08-07T11:33:03+00:00
surface_dense_dropout_04,f1_8__f2_24__dropout_0p4__seed_44,8,24,0.4,3,44,3,20,11,9,128,0.15,0.001,51000,9000,10000,9010,0.9895555377006531,0.03488043695688248,0.9904000163078308,0.030157681554555893,43.299,success,,2026-08-07T11:33:46+00:00
surface_dense_dropout_04,f1_8__f2_32__dropout_0p4__seed_42,8,32,0.4,1,42,3,20,14,12,128,0.15,0.001,51000,9000,10000,11930,0.9905555844306946,0.034021973609924316,0.9901999831199646,0.028943713754415512,55.009,success,,2026-08-07T11:34:41+00:00
surface_dense_dropout_04,f1_8__f2_32__dropout_0p4__seed_43,8,32,0.4,2,43,3,20,10,8,128,0.15,0.001,51000,9000,10000,11930,0.9888888597488403,0.04008256644010544,0.9894999861717224,0.03180532529950142,39.47,success,,2026-08-07T11:35:21+00:00
surface_dense_dropout_04,f1_8__f2_32__dropout_0p4__seed_44,8,32,0.4,3,44,3,20,9,7,128,0.15,0.001,51000,9000,10000,11930,0.9882222414016724,0.040923625230789185,0.9896000027656555,0.031870678067207336,35.589,success,,2026-08-07T11:35:56+00:00
surface_dense_dropout_04,f1_8__f2_40__dropout_0p4__seed_42,8,40,0.4,1,42,3,20,10,8,128,0.15,0.001,51000,9000,10000,14850,0.9897778034210205,0.037866465747356415,0.9901999831199646,0.027207184582948685,41.749,success,,2026-08-07T11:36:38+00:00
surface_dense_dropout_04,f1_8__f2_40__dropout_0p4__seed_43,8,40,0.4,2,43,3,20,14,12,128,0.15,0.001,51000,9000,10000,14850,0.9911110997200012,0.03384401649236679,0.9921000003814697,0.025371486321091652,56.875,success,,2026-08-07T11:37:35+00:00
surface_dense_dropout_04,f1_8__f2_40__dropout_0p4__seed_44,8,40,0.4,3,44,3,20,14,12,128,0.15,0.001,51000,9000,10000,14850,0.9903333187103271,0.03424876555800438,0.9915000200271606,0.026066573336720467,57.703,success,,2026-08-07T11:38:33+00:00
surface_dense_dropout_04,f1_8__f2_48__dropout_0p4__seed_42,8,48,0.4,1,42,3,20,8,6,128,0.15,0.001,51000,9000,10000,17770,0.9895555377006531,0.04040095955133438,0.9896000027656555,0.031000858172774315,34.985,success,,2026-08-07T11:39:08+00:00
surface_dense_dropout_04,f1_8__f2_48__dropout_0p4__seed_43,8,48,0.4,2,43,3,20,8,6,128,0.15,0.001,51000,9000,10000,17770,0.9888888597488403,0.03962210938334465,0.9900000095367432,0.03158772736787796,34.65,success,,2026-08-07T11:39:42+00:00
surface_dense_dropout_04,f1_8__f2_48__dropout_0p4__seed_44,8,48,0.4,3,44,3,20,8,6,128,0.15,0.001,51000,9000,10000,17770,0.9904444217681885,0.035210635513067245,0.9897000193595886,0.026865068823099136,35.823,success,,2026-08-07T11:40:18+00:00
surface_dense_dropout_04,f1_8__f2_64__dropout_0p4__seed_42,8,64,0.4,1,42,3,20,8,6,128,0.15,0.001,51000,9000,10000,23610,0.9898889064788818,0.03881360962986946,0.9900000095367432,0.03055424429476261,38.448,success,,2026-08-07T11:40:57+00:00
surface_dense_dropout_04,f1_8__f2_64__dropout_0p4__seed_43,8,64,0.4,2,43,3,20,10,8,128,0.15,0.001,51000,9000,10000,23610,0.9898889064788818,0.03719313070178032,0.9902999997138977,0.029687069356441498,47.582,success,,2026-08-07T11:41:44+00:00
surface_dense_dropout_04,f1_8__f2_64__dropout_0p4__seed_44,8,64,0.4,3,44,3,20,6,4,128,0.15,0.001,51000,9000,10000,23610,0.9872221946716309,0.043238937854766846,0.9884999990463257,0.03596474602818489,28.911,success,,2026-08-07T11:42:13+00:00
surface_dense_dropout_04,f1_12__f2_8__dropout_0p4__seed_42,12,8,0.4,1,42,3,20,12,10,128,0.15,0.001,51000,9000,10000,4090,0.9877777695655823,0.0437190979719162,0.9876000285148621,0.03517073020339012,47.696,success,,2026-08-07T11:43:01+00:00
surface_dense_dropout_04,f1_12__f2_8__dropout_0p4__seed_43,12,8,0.4,2,43,3,20,10,8,128,0.15,0.001,51000,9000,10000,4090,0.9867777824401855,0.05026019737124443,0.9855999946594238,0.04504556208848953,38.997,success,,2026-08-07T11:43:40+00:00
surface_dense_dropout_04,f1_12__f2_8__dropout_0p4__seed_44,12,8,0.4,3,44,3,20,10,8,128,0.15,0.001,51000,9000,10000,4090,0.9869999885559082,0.044273022562265396,0.9866999983787537,0.040302764624357224,39.037,success,,2026-08-07T11:44:19+00:00
surface_dense_dropout_04,f1_12__f2_16__dropout_0p4__seed_42,12,16,0.4,1,42,3,20,11,9,128,0.15,0.001,51000,9000,10000,7810,0.988777756690979,0.03939998149871826,0.9905999898910522,0.030415097251534462,44.864,success,,2026-08-07T11:45:04+00:00
surface_dense_dropout_04,f1_12__f2_16__dropout_0p4__seed_43,12,16,0.4,2,43,3,20,20,20,128,0.15,0.001,51000,9000,10000,7810,0.9898889064788818,0.03216033801436424,0.9912999868392944,0.028468100354075432,80.86,success,,2026-08-07T11:46:25+00:00
surface_dense_dropout_04,f1_12__f2_16__dropout_0p4__seed_44,12,16,0.4,3,44,3,20,18,16,128,0.15,0.001,51000,9000,10000,7810,0.9913333058357239,0.031602900475263596,0.9907000064849854,0.026790082454681396,83.684,success,,2026-08-07T11:47:48+00:00
surface_dense_dropout_04,f1_12__f2_24__dropout_0p4__seed_42,12,24,0.4,1,42,3,20,10,8,128,0.15,0.001,51000,9000,10000,11530,0.9903333187103271,0.03404688835144043,0.9908999800682068,0.026147499680519104,46.752,success,,2026-08-07T11:48:35+00:00
surface_dense_dropout_04,f1_12__f2_24__dropout_0p4__seed_43,12,24,0.4,2,43,3,20,20,19,128,0.15,0.001,51000,9000,10000,11530,0.99144446849823,0.031598545610904694,0.9919999837875366,0.02688196487724781,83.765,success,,2026-08-07T11:49:59+00:00
surface_dense_dropout_04,f1_12__f2_24__dropout_0p4__seed_44,12,24,0.4,3,44,3,20,8,6,128,0.15,0.001,51000,9000,10000,11530,0.9882222414016724,0.03846246376633644,0.989799976348877,0.03158186748623848,34.865,success,,2026-08-07T11:50:34+00:00
surface_dense_dropout_04,f1_12__f2_32__dropout_0p4__seed_42,12,32,0.4,1,42,3,20,8,6,128,0.15,0.001,51000,9000,10000,15250,0.9903333187103271,0.03588971495628357,0.989799976348877,0.02960275299847126,36.102,success,,2026-08-07T11:51:10+00:00
surface_dense_dropout_04,f1_12__f2_32__dropout_0p4__seed_43,12,32,0.4,2,43,3,20,8,6,128,0.15,0.001,51000,9000,10000,15250,0.988777756690979,0.039714619517326355,0.9904999732971191,0.030866120010614395,37.113,success,,2026-08-07T11:51:47+00:00
surface_dense_dropout_04,f1_12__f2_32__dropout_0p4__seed_44,12,32,0.4,3,44,3,20,7,5,128,0.15,0.001,51000,9000,10000,15250,0.9862222075462341,0.038836173713207245,0.9897000193595886,0.03377353027462959,32.09,success,,2026-08-07T11:52:19+00:00
surface_dense_dropout_04,f1_12__f2_40__dropout_0p4__seed_42,12,40,0.4,1,42,3,20,6,4,128,0.15,0.001,51000,9000,10000,18970,0.9882222414016724,0.03986261412501335,0.9883000254631042,0.03638933226466179,29.791,success,,2026-08-07T11:52:49+00:00
surface_dense_dropout_04,f1_12__f2_40__dropout_0p4__seed_43,12,40,0.4,2,43,3,20,10,8,128,0.15,0.001,51000,9000,10000,18970,0.9912222027778625,0.03395947441458702,0.9922000169754028,0.02428922988474369,49.056,success,,2026-08-07T11:53:38+00:00
surface_dense_dropout_04,f1_12__f2_40__dropout_0p4__seed_44,12,40,0.4,3,44,3,20,9,7,128,0.15,0.001,51000,9000,10000,18970,0.9898889064788818,0.0338372103869915,0.9904000163078308,0.029009930789470673,43.52,success,,2026-08-07T11:54:21+00:00
surface_dense_dropout_04,f1_12__f2_48__dropout_0p4__seed_42,12,48,0.4,1,42,3,20,9,7,128,0.15,0.001,51000,9000,10000,22690,0.9901111125946045,0.03775198012590408,0.9897000193595886,0.03043806366622448,48.128,success,,2026-08-07T11:55:10+00:00
surface_dense_dropout_04,f1_12__f2_48__dropout_0p4__seed_43,12,48,0.4,2,43,3,20,6,4,128,0.15,0.001,51000,9000,10000,22690,0.9885555505752563,0.04044821485877037,0.9890000224113464,0.033042192459106445,32.109,success,,2026-08-07T11:55:42+00:00
surface_dense_dropout_04,f1_12__f2_48__dropout_0p4__seed_44,12,48,0.4,3,44,3,20,11,9,128,0.15,0.001,51000,9000,10000,22690,0.9913333058357239,0.031840335577726364,0.9926000237464905,0.023993929848074913,57.179,success,,2026-08-07T11:56:39+00:00
surface_dense_dropout_04,f1_12__f2_64__dropout_0p4__seed_42,12,64,0.4,1,42,3,20,9,7,128,0.15,0.001,51000,9000,10000,30130,0.9898889064788818,0.03980942815542221,0.9902999997138977,0.02815256640315056,53.67,success,,2026-08-07T11:57:33+00:00
surface_dense_dropout_04,f1_12__f2_64__dropout_0p4__seed_43,12,64,0.4,2,43,3,20,8,6,128,0.15,0.001,51000,9000,10000,30130,0.9895555377006531,0.03950456902384758,0.9894000291824341,0.03142191097140312,46.679,success,,2026-08-07T11:58:19+00:00
surface_dense_dropout_04,f1_12__f2_64__dropout_0p4__seed_44,12,64,0.4,3,44,3,20,7,5,128,0.15,0.001,51000,9000,10000,30130,0.9898889064788818,0.03313685953617096,0.9872000217437744,0.03579754754900932,40.262,success,,2026-08-07T11:58:59+00:00
surface_dense_dropout_04,f1_16__f2_8__dropout_0p4__seed_42,16,8,0.4,1,42,3,20,11,9,128,0.15,0.001,51000,9000,10000,5010,0.9866666793823242,0.042847756296396255,0.9871000051498413,0.036892689764499664,47.498,success,,2026-08-07T11:59:47+00:00
surface_dense_dropout_04,f1_16__f2_8__dropout_0p4__seed_43,16,8,0.4,2,43,3,20,9,7,128,0.15,0.001,51000,9000,10000,5010,0.9844444394111633,0.05065404623746872,0.9857000112533569,0.04197005555033684,39.232,success,,2026-08-07T12:00:26+00:00
surface_dense_dropout_04,f1_16__f2_8__dropout_0p4__seed_44,16,8,0.4,3,44,3,20,19,17,128,0.15,0.001,51000,9000,10000,5010,0.9890000224113464,0.03980633243918419,0.9890000224113464,0.03325802832841873,82.571,success,,2026-08-07T12:01:49+00:00
surface_dense_dropout_04,f1_16__f2_16__dropout_0p4__seed_42,16,16,0.4,1,42,3,20,14,12,128,0.15,0.001,51000,9000,10000,9530,0.9894444346427917,0.03542281314730644,0.9900000095367432,0.030846597626805305,70.114,success,,2026-08-07T12:02:59+00:00
surface_dense_dropout_04,f1_16__f2_16__dropout_0p4__seed_43,16,16,0.4,2,43,3,20,11,9,128,0.15,0.001,51000,9000,10000,9530,0.9896666407585144,0.033061835914850235,0.9911999702453613,0.026930611580610275,55.363,success,,2026-08-07T12:03:54+00:00
surface_dense_dropout_04,f1_16__f2_16__dropout_0p4__seed_44,16,16,0.4,3,44,3,20,13,11,128,0.15,0.001,51000,9000,10000,9530,0.9895555377006531,0.033228956162929535,0.9909999966621399,0.02882554940879345,62.847,success,,2026-08-07T12:04:57+00:00
surface_dense_dropout_04,f1_16__f2_24__dropout_0p4__seed_42,16,24,0.4,1,42,3,20,7,5,128,0.15,0.001,51000,9000,10000,14050,0.9869999885559082,0.04247911274433136,0.9882000088691711,0.036479271948337555,34.227,success,,2026-08-07T12:05:31+00:00
surface_dense_dropout_04,f1_16__f2_24__dropout_0p4__seed_43,16,24,0.4,2,43,3,20,13,11,128,0.15,0.001,51000,9000,10000,14050,0.9909999966621399,0.03267741948366165,0.9930999875068665,0.023300379514694214,62.893,success,,2026-08-07T12:06:34+00:00
surface_dense_dropout_04,f1_16__f2_24__dropout_0p4__seed_44,16,24,0.4,3,44,3,20,9,7,128,0.15,0.001,51000,9000,10000,14050,0.9882222414016724,0.03794005140662193,0.9905999898910522,0.02863851562142372,44.311,success,,2026-08-07T12:07:19+00:00
surface_dense_dropout_04,f1_16__f2_32__dropout_0p4__seed_42,16,32,0.4,1,42,3,20,12,10,128,0.15,0.001,51000,9000,10000,18570,0.9897778034210205,0.03546077758073807,0.9911999702453613,0.026765795424580574,60.459,success,,2026-08-07T12:08:19+00:00
surface_dense_dropout_04,f1_16__f2_32__dropout_0p4__seed_43,16,32,0.4,2,43,3,20,9,7,128,0.15,0.001,51000,9000,10000,18570,0.9892222285270691,0.03638210520148277,0.991100013256073,0.02913828194141388,45.561,success,,2026-08-07T12:09:05+00:00
surface_dense_dropout_04,f1_16__f2_32__dropout_0p4__seed_44,16,32,0.4,3,44,3,20,12,10,128,0.15,0.001,51000,9000,10000,18570,0.9900000095367432,0.032394956797361374,0.9909999966621399,0.02659107744693756,59.503,success,,2026-08-07T12:10:04+00:00
surface_dense_dropout_04,f1_16__f2_40__dropout_0p4__seed_42,16,40,0.4,1,42,3,20,10,8,128,0.15,0.001,51000,9000,10000,23090,0.9903333187103271,0.03381973132491112,0.9908999800682068,0.027273187413811684,54.447,success,,2026-08-07T12:10:59+00:00
surface_dense_dropout_04,f1_16__f2_40__dropout_0p4__seed_43,16,40,0.4,2,43,3,20,8,6,128,0.15,0.001,51000,9000,10000,23090,0.9896666407585144,0.03551941737532616,0.991100013256073,0.027074569836258888,44.594,success,,2026-08-07T12:11:43+00:00
surface_dense_dropout_04,f1_16__f2_40__dropout_0p4__seed_44,16,40,0.4,3,44,3,20,9,7,128,0.15,0.001,51000,9000,10000,23090,0.9902222156524658,0.0348031111061573,0.9905999898910522,0.03035716898739338,57.132,success,,2026-08-07T12:25:33+00:00
surface_dense_dropout_04,f1_16__f2_48__dropout_0p4__seed_42,16,48,0.4,1,42,3,20,7,5,128,0.15,0.001,51000,9000,10000,27610,0.9895555377006531,0.03567659109830856,0.9898999929428101,0.03073064237833023,39.04,success,,2026-08-07T12:26:12+00:00
surface_dense_dropout_04,f1_16__f2_48__dropout_0p4__seed_43,16,48,0.4,2,43,3,20,7,5,128,0.15,0.001,51000,9000,10000,27610,0.9888888597488403,0.03791632130742073,0.9908999800682068,0.031008487567305565,39.206,success,,2026-08-07T12:26:51+00:00
surface_dense_dropout_04,f1_16__f2_48__dropout_0p4__seed_44,16,48,0.4,3,44,3,20,8,6,128,0.15,0.001,51000,9000,10000,27610,0.9895555377006531,0.035489972680807114,0.9911999702453613,0.027860401198267937,44.985,success,,2026-08-07T12:27:36+00:00
surface_dense_dropout_04,f1_16__f2_64__dropout_0p4__seed_42,16,64,0.4,1,42,3,20,8,6,128,0.15,0.001,51000,9000,10000,36650,0.9892222285270691,0.036577749997377396,0.9894999861717224,0.031207812950015068,48.787,success,,2026-08-07T12:28:25+00:00
surface_dense_dropout_04,f1_16__f2_64__dropout_0p4__seed_43,16,64,0.4,2,43,3,20,10,8,128,0.15,0.001,51000,9000,10000,36650,0.9911110997200012,0.035033468157052994,0.9904000163078308,0.028095832094550133,61.794,success,,2026-08-07T12:29:27+00:00
surface_dense_dropout_04,f1_16__f2_64__dropout_0p4__seed_44,16,64,0.4,3,44,3,20,8,6,128,0.15,0.001,51000,9000,10000,36650,0.988111138343811,0.03854088485240936,0.9891999959945679,0.03153082728385925,49.762,success,,2026-08-07T12:30:17+00:00
surface_dense_dropout_04,f1_20__f2_8__dropout_0p4__seed_42,20,8,0.4,1,42,3,20,9,7,128,0.15,0.001,51000,9000,10000,5930,0.9869999885559082,0.04409485310316086,0.9865999817848206,0.04238031432032585,43.836,success,,2026-08-07T12:31:01+00:00
surface_dense_dropout_04,f1_20__f2_8__dropout_0p4__seed_43,20,8,0.4,2,43,3,20,8,6,128,0.15,0.001,51000,9000,10000,5930,0.9848889112472534,0.04868171736598015,0.983299970626831,0.04862277954816818,39.11,success,,2026-08-07T12:31:40+00:00
surface_dense_dropout_04,f1_20__f2_8__dropout_0p4__seed_44,20,8,0.4,3,44,3,20,13,11,128,0.15,0.001,51000,9000,10000,5930,0.9879999756813049,0.04206569865345955,0.9886000156402588,0.033569350838661194,63.595,success,,2026-08-07T12:32:43+00:00
surface_dense_dropout_04,f1_20__f2_16__dropout_0p4__seed_42,20,16,0.4,1,42,3,20,10,8,128,0.15,0.001,51000,9000,10000,11250,0.9896666407585144,0.03738454356789589,0.9900000095367432,0.031414907425642014,51.268,success,,2026-08-07T12:33:35+00:00
surface_dense_dropout_04,f1_20__f2_16__dropout_0p4__seed_43,20,16,0.4,2,43,3,20,10,8,128,0.15,0.001,51000,9000,10000,11250,0.9897778034210205,0.03357476368546486,0.9896000027656555,0.03145797178149223,51.537,success,,2026-08-07T12:34:26+00:00
surface_dense_dropout_04,f1_20__f2_16__dropout_0p4__seed_44,20,16,0.4,3,44,3,20,14,12,128,0.15,0.001,51000,9000,10000,11250,0.9915555715560913,0.031485415995121,0.9908999800682068,0.029263364151120186,71.973,success,,2026-08-07T12:35:38+00:00
surface_dense_dropout_04,f1_20__f2_24__dropout_0p4__seed_42,20,24,0.4,1,42,3,20,9,7,128,0.15,0.001,51000,9000,10000,16570,0.9894444346427917,0.037573810666799545,0.9898999929428101,0.031025918200612068,49.654,success,,2026-08-07T12:36:28+00:00
surface_dense_dropout_04,f1_20__f2_24__dropout_0p4__seed_43,20,24,0.4,2,43,3,20,9,7,128,0.15,0.001,51000,9000,10000,16570,0.9886666536331177,0.03726455196738243,0.9905999898910522,0.028643816709518433,50.009,success,,2026-08-07T12:37:18+00:00
surface_dense_dropout_04,f1_20__f2_24__dropout_0p4__seed_44,20,24,0.4,3,44,3,20,15,13,128,0.15,0.001,51000,9000,10000,16570,0.991777777671814,0.028300335630774498,0.9936000108718872,0.021527303382754326,81.585,success,,2026-08-07T12:38:39+00:00
surface_dense_dropout_04,f1_20__f2_32__dropout_0p4__seed_42,20,32,0.4,1,42,3,20,9,7,128,0.15,0.001,51000,9000,10000,21890,0.9898889064788818,0.036031804978847504,0.9904999732971191,0.027882495895028114,53.433,success,,2026-08-07T12:39:33+00:00
surface_dense_dropout_04,f1_20__f2_32__dropout_0p4__seed_43,20,32,0.4,2,43,3,20,10,8,128,0.15,0.001,51000,9000,10000,21890,0.9908888936042786,0.031540386378765106,0.9905999898910522,0.028434328734874725,59.912,success,,2026-08-07T12:40:33+00:00
surface_dense_dropout_04,f1_20__f2_32__dropout_0p4__seed_44,20,32,0.4,3,44,3,20,8,6,128,0.15,0.001,51000,9000,10000,21890,0.9900000095367432,0.034116193652153015,0.9909999966621399,0.025656960904598236,47.626,success,,2026-08-07T12:41:20+00:00
surface_dense_dropout_04,f1_20__f2_40__dropout_0p4__seed_42,20,40,0.4,1,42,3,20,7,5,128,0.15,0.001,51000,9000,10000,27210,0.9893333315849304,0.037222836166620255,0.9905999898910522,0.03186451271176338,43.514,success,,2026-08-07T12:42:04+00:00
surface_dense_dropout_04,f1_20__f2_40__dropout_0p4__seed_43,20,40,0.4,2,43,3,20,8,6,128,0.15,0.001,51000,9000,10000,27210,0.9902222156524658,0.03308968245983124,0.9909999966621399,0.02872629091143608,47.939,success,,2026-08-07T12:42:52+00:00
surface_dense_dropout_04,f1_20__f2_40__dropout_0p4__seed_44,20,40,0.4,3,44,3,20,9,7,128,0.15,0.001,51000,9000,10000,27210,0.9911110997200012,0.033748023211956024,0.9916999936103821,0.02715403400361538,54.856,success,,2026-08-07T12:43:47+00:00
surface_dense_dropout_04,f1_20__f2_48__dropout_0p4__seed_42,20,48,0.4,1,42,3,20,8,6,128,0.15,0.001,51000,9000,10000,32530,0.9895555377006531,0.035631902515888214,0.9901000261306763,0.029888037592172623,51.495,success,,2026-08-07T12:44:38+00:00
surface_dense_dropout_04,f1_20__f2_48__dropout_0p4__seed_43,20,48,0.4,2,43,3,20,11,9,128,0.15,0.001,51000,9000,10000,32530,0.9909999966621399,0.03195440024137497,0.9930999875068665,0.02153206244111061,68.887,success,,2026-08-07T12:45:47+00:00
surface_dense_dropout_04,f1_20__f2_48__dropout_0p4__seed_44,20,48,0.4,3,44,3,20,11,9,128,0.15,0.001,51000,9000,10000,32530,0.9906666874885559,0.03153790161013603,0.9934999942779541,0.021493032574653625,69.24,success,,2026-08-07T12:46:56+00:00
surface_dense_dropout_04,f1_20__f2_64__dropout_0p4__seed_42,20,64,0.4,1,42,3,20,8,6,128,0.15,0.001,51000,9000,10000,43170,0.9896666407585144,0.03616373986005783,0.9902999997138977,0.03125946223735809,56.404,success,,2026-08-07T12:47:53+00:00
surface_dense_dropout_04,f1_20__f2_64__dropout_0p4__seed_43,20,64,0.4,2,43,3,20,5,3,128,0.15,0.001,51000,9000,10000,43170,0.988444447517395,0.043434422463178635,0.9894999861717224,0.03326629474759102,35.807,success,,2026-08-07T12:48:29+00:00
surface_dense_dropout_04,f1_20__f2_64__dropout_0p4__seed_44,20,64,0.4,3,44,3,20,6,4,128,0.15,0.001,51000,9000,10000,43170,0.9892222285270691,0.03714308142662048,0.9889000058174133,0.03370154649019241,42.836,success,,2026-08-07T12:49:11+00:00
surface_dense_dropout_04,f1_24__f2_8__dropout_0p4__seed_42,24,8,0.4,1,42,3,20,13,11,128,0.15,0.001,51000,9000,10000,6850,0.9893333315849304,0.03738949075341225,0.9901999831199646,0.03174568712711334,72.461,success,,2026-08-07T12:50:24+00:00
surface_dense_dropout_04,f1_24__f2_8__dropout_0p4__seed_43,24,8,0.4,2,43,3,20,9,7,128,0.15,0.001,51000,9000,10000,6850,0.9861111044883728,0.0444660447537899,0.9858999848365784,0.04090473800897598,50.463,success,,2026-08-07T12:51:14+00:00
surface_dense_dropout_04,f1_24__f2_8__dropout_0p4__seed_44,24,8,0.4,3,44,3,20,8,6,128,0.15,0.001,51000,9000,10000,6850,0.987333357334137,0.041891708970069885,0.9894999861717224,0.0360683798789978,45.113,success,,2026-08-07T12:51:59+00:00
surface_dense_dropout_04,f1_24__f2_16__dropout_0p4__seed_42,24,16,0.4,1,42,3,20,13,11,128,0.15,0.001,51000,9000,10000,12970,0.9897778034210205,0.033820733428001404,0.9900000095367432,0.029844433069229126,75.617,success,,2026-08-07T12:53:15+00:00
surface_dense_dropout_04,f1_24__f2_16__dropout_0p4__seed_43,24,16,0.4,2,43,3,20,6,4,128,0.15,0.001,51000,9000,10000,12970,0.9878888726234436,0.04200821369886398,0.9883999824523926,0.03420061990618706,36.122,success,,2026-08-07T12:53:51+00:00
surface_dense_dropout_04,f1_24__f2_16__dropout_0p4__seed_44,24,16,0.4,3,44,3,20,11,9,128,0.15,0.001,51000,9000,10000,12970,0.9902222156524658,0.03427430987358093,0.9900000095367432,0.02968575432896614,64.567,success,,2026-08-07T12:54:56+00:00
surface_dense_dropout_04,f1_24__f2_24__dropout_0p4__seed_42,24,24,0.4,1,42,3,20,5,3,128,0.15,0.001,51000,9000,10000,19090,0.9879999756813049,0.04217373952269554,0.9883999824523926,0.03696480393409729,32.555,success,,2026-08-07T12:55:28+00:00
surface_dense_dropout_04,f1_24__f2_24__dropout_0p4__seed_43,24,24,0.4,2,43,3,20,5,3,128,0.15,0.001,51000,9000,10000,19090,0.987666666507721,0.04382218420505524,0.9883000254631042,0.03747931122779846,32.08,success,,2026-08-07T12:56:00+00:00
surface_dense_dropout_04,f1_24__f2_24__dropout_0p4__seed_44,24,24,0.4,3,44,3,20,13,11,128,0.15,0.001,51000,9000,10000,19090,0.9915555715560913,0.030097726732492447,0.9923999905586243,0.023630188778042793,81.735,success,,2026-08-07T12:57:22+00:00
surface_dense_dropout_04,f1_24__f2_32__dropout_0p4__seed_42,24,32,0.4,1,42,3,20,12,10,128,0.15,0.001,51000,9000,10000,25210,0.9907777905464172,0.03263470530509949,0.9919999837875366,0.026057379320263863,78.953,success,,2026-08-07T12:58:41+00:00
surface_dense_dropout_04,f1_24__f2_32__dropout_0p4__seed_43,24,32,0.4,2,43,3,20,6,4,128,0.15,0.001,51000,9000,10000,25210,0.9895555377006531,0.03676405921578407,0.9891999959945679,0.030239395797252655,40.496,success,,2026-08-07T12:59:22+00:00
surface_dense_dropout_04,f1_24__f2_32__dropout_0p4__seed_44,24,32,0.4,3,44,3,20,7,5,128,0.15,0.001,51000,9000,10000,25210,0.9891111254692078,0.037434641271829605,0.989300012588501,0.03095049224793911,47.318,success,,2026-08-07T13:00:09+00:00
surface_dense_dropout_04,f1_24__f2_40__dropout_0p4__seed_42,24,40,0.4,1,42,3,20,10,8,128,0.15,0.001,51000,9000,10000,31330,0.9913333058357239,0.030276011675596237,0.9916999936103821,0.02781612239778042,70.011,success,,2026-08-07T13:01:19+00:00
surface_dense_dropout_04,f1_24__f2_40__dropout_0p4__seed_43,24,40,0.4,2,43,3,20,11,9,128,0.15,0.001,51000,9000,10000,31330,0.9908888936042786,0.032457612454891205,0.9912999868392944,0.02700316719710827,75.345,success,,2026-08-07T13:02:34+00:00
surface_dense_dropout_04,f1_24__f2_40__dropout_0p4__seed_44,24,40,0.4,3,44,3,20,8,6,128,0.15,0.001,51000,9000,10000,31330,0.9893333315849304,0.034793686121702194,0.9898999929428101,0.03029237687587738,55.197,success,,2026-08-07T13:03:30+00:00
surface_dense_dropout_04,f1_24__f2_48__dropout_0p4__seed_42,24,48,0.4,1,42,3,20,7,5,128,0.15,0.001,51000,9000,10000,37450,0.9893333315849304,0.03544657304883003,0.9907000064849854,0.028118668124079704,51.708,success,,2026-08-07T13:04:21+00:00
surface_dense_dropout_04,f1_24__f2_48__dropout_0p4__seed_43,24,48,0.4,2,43,3,20,6,4,128,0.15,0.001,51000,9000,10000,37450,0.9888888597488403,0.038422636687755585,0.9902999997138977,0.0291517935693264,44.581,success,,2026-08-07T13:05:06+00:00
surface_dense_dropout_04,f1_24__f2_48__dropout_0p4__seed_44,24,48,0.4,3,44,3,20,9,7,128,0.15,0.001,51000,9000,10000,37450,0.9908888936042786,0.03212552145123482,0.9908999800682068,0.026862872764468193,66.504,success,,2026-08-07T13:06:12+00:00
surface_dense_dropout_04,f1_24__f2_64__dropout_0p4__seed_42,24,64,0.4,1,42,3,20,6,4,128,0.15,0.001,51000,9000,10000,49690,0.9897778034210205,0.038268718868494034,0.9896000027656555,0.03441333770751953,48.993,success,,2026-08-07T13:07:01+00:00
surface_dense_dropout_04,f1_24__f2_64__dropout_0p4__seed_43,24,64,0.4,2,43,3,20,7,5,128,0.15,0.001,51000,9000,10000,49690,0.9907777905464172,0.037626415491104126,0.9897000193595886,0.030985457822680473,55.606,success,,2026-08-07T13:07:57+00:00
surface_dense_dropout_04,f1_24__f2_64__dropout_0p4__seed_44,24,64,0.4,3,44,3,20,9,7,128,0.15,0.001,51000,9000,10000,49690,0.9902222156524658,0.03457185998558998,0.9914000034332275,0.026575244963169098,72.887,success,,2026-08-07T13:09:10+00:00
surface_dense_dropout_04,f1_32__f2_8__dropout_0p4__seed_42,32,8,0.4,1,42,3,20,9,7,128,0.15,0.001,51000,9000,10000,8690,0.9866666793823242,0.04370514303445816,0.9882000088691711,0.03888572379946709,56.463,success,,2026-08-07T13:10:06+00:00
surface_dense_dropout_04,f1_32__f2_8__dropout_0p4__seed_43,32,8,0.4,2,43,3,20,6,4,128,0.15,0.001,51000,9000,10000,8690,0.984000027179718,0.053900379687547684,0.9836000204086304,0.04755543917417526,37.824,success,,2026-08-07T13:10:44+00:00
surface_dense_dropout_04,f1_32__f2_8__dropout_0p4__seed_44,32,8,0.4,3,44,3,20,9,7,128,0.15,0.001,51000,9000,10000,8690,0.9874444603919983,0.042611341923475266,0.9891999959945679,0.03482268750667572,55.277,success,,2026-08-07T13:11:39+00:00
surface_dense_dropout_04,f1_32__f2_16__dropout_0p4__seed_42,32,16,0.4,1,42,3,20,7,5,128,0.15,0.001,51000,9000,10000,16410,0.988444447517395,0.03846051171422005,0.989799976348877,0.0315999872982502,45.141,success,,2026-08-07T13:12:25+00:00
surface_dense_dropout_04,f1_32__f2_16__dropout_0p4__seed_43,32,16,0.4,2,43,3,20,8,6,128,0.15,0.001,51000,9000,10000,16410,0.9897778034210205,0.03364278003573418,0.9900000095367432,0.029343826696276665,51.36,success,,2026-08-07T13:13:16+00:00
surface_dense_dropout_04,f1_32__f2_16__dropout_0p4__seed_44,32,16,0.4,3,44,3,20,11,9,128,0.15,0.001,51000,9000,10000,16410,0.9905555844306946,0.03391839563846588,0.9905999898910522,0.026708554476499557,75.541,success,,2026-08-07T13:14:31+00:00
surface_dense_dropout_04,f1_32__f2_24__dropout_0p4__seed_42,32,24,0.4,1,42,3,20,8,6,128,0.15,0.001,51000,9000,10000,24130,0.9901111125946045,0.034439098089933395,0.9907000064849854,0.02726171538233757,54.425,success,,2026-08-07T13:15:26+00:00
surface_dense_dropout_04,f1_32__f2_24__dropout_0p4__seed_43,32,24,0.4,2,43,3,20,9,7,128,0.15,0.001,51000,9000,10000,24130,0.9912222027778625,0.029325304552912712,0.9911999702453613,0.02679743990302086,60.573,success,,2026-08-07T13:16:26+00:00
surface_dense_dropout_04,f1_32__f2_24__dropout_0p4__seed_44,32,24,0.4,3,44,3,20,5,3,128,0.15,0.001,51000,9000,10000,24130,0.9875555634498596,0.04176086559891701,0.9869999885559082,0.036000221967697144,34.282,success,,2026-08-07T13:17:01+00:00
surface_dense_dropout_04,f1_32__f2_32__dropout_0p4__seed_42,32,32,0.4,1,42,3,20,8,6,128,0.15,0.001,51000,9000,10000,31850,0.9893333315849304,0.034469421952962875,0.9902999997138977,0.02984176017343998,56.7,success,,2026-08-07T13:17:57+00:00
surface_dense_dropout_04,f1_32__f2_32__dropout_0p4__seed_43,32,32,0.4,2,43,3,20,8,6,128,0.15,0.001,51000,9000,10000,31850,0.9904444217681885,0.03350004181265831,0.9911999702453613,0.026465987786650658,56.616,success,,2026-08-07T13:18:54+00:00
surface_dense_dropout_04,f1_32__f2_32__dropout_0p4__seed_44,32,32,0.4,3,44,3,20,9,7,128,0.15,0.001,51000,9000,10000,31850,0.9911110997200012,0.034302644431591034,0.9919000267982483,0.02612428553402424,63.48,success,,2026-08-07T13:19:58+00:00
surface_dense_dropout_04,f1_32__f2_40__dropout_0p4__seed_42,32,40,0.4,1,42,3,20,8,6,128,0.15,0.001,51000,9000,10000,39570,0.9908888936042786,0.033018045127391815,0.9919999837875366,0.02675333246588707,59.376,success,,2026-08-07T13:20:57+00:00
surface_dense_dropout_04,f1_32__f2_40__dropout_0p4__seed_43,32,40,0.4,2,43,3,20,6,4,128,0.15,0.001,51000,9000,10000,39570,0.9894444346427917,0.0379863940179348,0.9879999756813049,0.03093484230339527,44.781,success,,2026-08-07T13:21:42+00:00
surface_dense_dropout_04,f1_32__f2_40__dropout_0p4__seed_44,32,40,0.4,3,44,3,20,8,6,128,0.15,0.001,51000,9000,10000,39570,0.9902222156524658,0.0345628522336483,0.9908000230789185,0.027196362614631653,58.787,success,,2026-08-07T13:22:41+00:00
surface_dense_dropout_04,f1_32__f2_48__dropout_0p4__seed_42,32,48,0.4,1,42,3,20,8,6,128,0.15,0.001,51000,9000,10000,47290,0.9897778034210205,0.03347467631101608,0.9908999800682068,0.02786279283463955,62.47,success,,2026-08-07T13:23:43+00:00
surface_dense_dropout_04,f1_32__f2_48__dropout_0p4__seed_43,32,48,0.4,2,43,3,20,6,4,128,0.15,0.001,51000,9000,10000,47290,0.9897778034210205,0.03695656731724739,0.9886999726295471,0.03128297999501228,47.61,success,,2026-08-07T13:24:31+00:00
surface_dense_dropout_04,f1_32__f2_48__dropout_0p4__seed_44,32,48,0.4,3,44,3,20,9,7,128,0.15,0.001,51000,9000,10000,47290,0.9923333525657654,0.029696624726057053,0.9919000267982483,0.02600427158176899,70.856,success,,2026-08-07T13:25:41+00:00
surface_dense_dropout_04,f1_32__f2_64__dropout_0p4__seed_42,32,64,0.4,1,42,3,20,12,10,128,0.15,0.001,51000,9000,10000,62730,0.991777777671814,0.03607124462723732,0.9923999905586243,0.028742196038365364,104.851,success,,2026-08-07T13:27:26+00:00
surface_dense_dropout_04,f1_32__f2_64__dropout_0p4__seed_43,32,64,0.4,2,43,3,20,6,4,128,0.15,0.001,51000,9000,10000,62730,0.9893333315849304,0.03686103969812393,0.9890000224113464,0.031139807775616646,53.768,success,,2026-08-07T13:28:20+00:00
surface_dense_dropout_04,f1_32__f2_64__dropout_0p4__seed_44,32,64,0.4,3,44,3,20,8,6,128,0.15,0.001,51000,9000,10000,62730,0.9907777905464172,0.03422599658370018,0.9902999997138977,0.031621646136045456,69.692,success,,2026-08-07T13:29:30+00:00
