protocol_id,run_id,config_id,seed,epoch,reached,train_accuracy,train_loss,val_accuracy,val_loss
0fa8ef3761ea0bfe263610bc6ef4d6640f16d919dd856270d32640519b8ff7cd,0fa8ef3761ea__f1_16__f2_32__dropout_0p4__activation_relu__seed_42,f1_16__f2_32__dropout_0p4__activation_relu,42,1,True,0.8973921537399292,0.34546393156051636,0.8804444670677185,0.3992966413497925
0fa8ef3761ea0bfe263610bc6ef4d6640f16d919dd856270d32640519b8ff7cd,0fa8ef3761ea__f1_16__f2_32__dropout_0p4__activation_relu__seed_42,f1_16__f2_32__dropout_0p4__activation_relu,42,2,True,0.9699804186820984,0.09511873126029968,0.9852222204208374,0.05537186563014984
0fa8ef3761ea0bfe263610bc6ef4d6640f16d919dd856270d32640519b8ff7cd,0fa8ef3761ea__f1_16__f2_32__dropout_0p4__activation_relu__seed_42,f1_16__f2_32__dropout_0p4__activation_relu,42,3,True,0.9790980219841003,0.06668039411306381,0.9867777824401855,0.0476691797375679
0fa8ef3761ea0bfe263610bc6ef4d6640f16d919dd856270d32640519b8ff7cd,0fa8ef3761ea__f1_16__f2_32__dropout_0p4__activation_relu__seed_42,f1_16__f2_32__dropout_0p4__activation_relu,42,4,True,0.9825097918510437,0.053451307117938995,0.9874444603919983,0.043799567967653275
0fa8ef3761ea0bfe263610bc6ef4d6640f16d919dd856270d32640519b8ff7cd,0fa8ef3761ea__f1_16__f2_32__dropout_0p4__activation_relu__seed_42,f1_16__f2_32__dropout_0p4__activation_relu,42,5,True,0.9861372709274292,0.04459565132856369,0.9891111254692078,0.042007848620414734
0fa8ef3761ea0bfe263610bc6ef4d6640f16d919dd856270d32640519b8ff7cd,0fa8ef3761ea__f1_16__f2_32__dropout_0p4__activation_relu__seed_42,f1_16__f2_32__dropout_0p4__activation_relu,42,6,True,0.9877254962921143,0.03804545849561691,0.9885555505752563,0.04213978722691536
0fa8ef3761ea0bfe263610bc6ef4d6640f16d919dd856270d32640519b8ff7cd,0fa8ef3761ea__f1_16__f2_32__dropout_0p4__activation_relu__seed_42,f1_16__f2_32__dropout_0p4__activation_relu,42,7,True,0.9884313941001892,0.0356174036860466,0.9904444217681885,0.03794681280851364
0fa8ef3761ea0bfe263610bc6ef4d6640f16d919dd856270d32640519b8ff7cd,0fa8ef3761ea__f1_16__f2_32__dropout_0p4__activation_relu__seed_42,f1_16__f2_32__dropout_0p4__activation_relu,42,8,True,0.9899411797523499,0.030942978337407112,0.988777756690979,0.040435146540403366
0fa8ef3761ea0bfe263610bc6ef4d6640f16d919dd856270d32640519b8ff7cd,0fa8ef3761ea__f1_16__f2_32__dropout_0p4__activation_relu__seed_42,f1_16__f2_32__dropout_0p4__activation_relu,42,9,True,0.9902744889259338,0.029103899374604225,0.9903333187103271,0.03803480789065361
0fa8ef3761ea0bfe263610bc6ef4d6640f16d919dd856270d32640519b8ff7cd,0fa8ef3761ea__f1_16__f2_32__dropout_0p4__activation_relu__seed_42,f1_16__f2_32__dropout_0p4__activation_relu,42,10,False,NaN,NaN,NaN,NaN
0fa8ef3761ea0bfe263610bc6ef4d6640f16d919dd856270d32640519b8ff7cd,0fa8ef3761ea__f1_16__f2_32__dropout_0p4__activation_relu__seed_42,f1_16__f2_32__dropout_0p4__activation_relu,42,11,False,NaN,NaN,NaN,NaN
0fa8ef3761ea0bfe263610bc6ef4d6640f16d919dd856270d32640519b8ff7cd,0fa8ef3761ea__f1_16__f2_32__dropout_0p4__activation_relu__seed_42,f1_16__f2_32__dropout_0p4__activation_relu,42,12,False,NaN,NaN,NaN,NaN
0fa8ef3761ea0bfe263610bc6ef4d6640f16d919dd856270d32640519b8ff7cd,0fa8ef3761ea__f1_16__f2_32__dropout_0p4__activation_relu__seed_42,f1_16__f2_32__dropout_0p4__activation_relu,42,13,False,NaN,NaN,NaN,NaN
0fa8ef3761ea0bfe263610bc6ef4d6640f16d919dd856270d32640519b8ff7cd,0fa8ef3761ea__f1_16__f2_32__dropout_0p4__activation_relu__seed_42,f1_16__f2_32__dropout_0p4__activation_relu,42,14,False,NaN,NaN,NaN,NaN
0fa8ef3761ea0bfe263610bc6ef4d6640f16d919dd856270d32640519b8ff7cd,0fa8ef3761ea__f1_16__f2_32__dropout_0p4__activation_relu__seed_42,f1_16__f2_32__dropout_0p4__activation_relu,42,15,False,NaN,NaN,NaN,NaN
0fa8ef3761ea0bfe263610bc6ef4d6640f16d919dd856270d32640519b8ff7cd,0fa8ef3761ea__f1_16__f2_32__dropout_0p4__activation_relu__seed_42,f1_16__f2_32__dropout_0p4__activation_relu,42,16,False,NaN,NaN,NaN,NaN
0fa8ef3761ea0bfe263610bc6ef4d6640f16d919dd856270d32640519b8ff7cd,0fa8ef3761ea__f1_16__f2_32__dropout_0p4__activation_relu__seed_42,f1_16__f2_32__dropout_0p4__activation_relu,42,17,False,NaN,NaN,NaN,NaN
0fa8ef3761ea0bfe263610bc6ef4d6640f16d919dd856270d32640519b8ff7cd,0fa8ef3761ea__f1_16__f2_32__dropout_0p4__activation_relu__seed_42,f1_16__f2_32__dropout_0p4__activation_relu,42,18,False,NaN,NaN,NaN,NaN
0fa8ef3761ea0bfe263610bc6ef4d6640f16d919dd856270d32640519b8ff7cd,0fa8ef3761ea__f1_16__f2_32__dropout_0p4__activation_relu__seed_42,f1_16__f2_32__dropout_0p4__activation_relu,42,19,False,NaN,NaN,NaN,NaN
0fa8ef3761ea0bfe263610bc6ef4d6640f16d919dd856270d32640519b8ff7cd,0fa8ef3761ea__f1_16__f2_32__dropout_0p4__activation_relu__seed_42,f1_16__f2_32__dropout_0p4__activation_relu,42,20,False,NaN,NaN,NaN,NaN
0fa8ef3761ea0bfe263610bc6ef4d6640f16d919dd856270d32640519b8ff7cd,0fa8ef3761ea__f1_16__f2_32__dropout_0p4__activation_relu__seed_42,f1_16__f2_32__dropout_0p4__activation_relu,42,21,False,NaN,NaN,NaN,NaN
0fa8ef3761ea0bfe263610bc6ef4d6640f16d919dd856270d32640519b8ff7cd,0fa8ef3761ea__f1_16__f2_32__dropout_0p4__activation_relu__seed_42,f1_16__f2_32__dropout_0p4__activation_relu,42,22,False,NaN,NaN,NaN,NaN
0fa8ef3761ea0bfe263610bc6ef4d6640f16d919dd856270d32640519b8ff7cd,0fa8ef3761ea__f1_16__f2_32__dropout_0p4__activation_relu__seed_42,f1_16__f2_32__dropout_0p4__activation_relu,42,23,False,NaN,NaN,NaN,NaN
0fa8ef3761ea0bfe263610bc6ef4d6640f16d919dd856270d32640519b8ff7cd,0fa8ef3761ea__f1_16__f2_32__dropout_0p4__activation_relu__seed_42,f1_16__f2_32__dropout_0p4__activation_relu,42,24,False,NaN,NaN,NaN,NaN
0fa8ef3761ea0bfe263610bc6ef4d6640f16d919dd856270d32640519b8ff7cd,0fa8ef3761ea__f1_16__f2_32__dropout_0p4__activation_relu__seed_42,f1_16__f2_32__dropout_0p4__activation_relu,42,25,False,NaN,NaN,NaN,NaN
0fa8ef3761ea0bfe263610bc6ef4d6640f16d919dd856270d32640519b8ff7cd,0fa8ef3761ea__f1_16__f2_32__dropout_0p4__activation_relu__seed_42,f1_16__f2_32__dropout_0p4__activation_relu,42,26,False,NaN,NaN,NaN,NaN
0fa8ef3761ea0bfe263610bc6ef4d6640f16d919dd856270d32640519b8ff7cd,0fa8ef3761ea__f1_16__f2_32__dropout_0p4__activation_relu__seed_42,f1_16__f2_32__dropout_0p4__activation_relu,42,27,False,NaN,NaN,NaN,NaN
0fa8ef3761ea0bfe263610bc6ef4d6640f16d919dd856270d32640519b8ff7cd,0fa8ef3761ea__f1_16__f2_32__dropout_0p4__activation_relu__seed_42,f1_16__f2_32__dropout_0p4__activation_relu,42,28,False,NaN,NaN,NaN,NaN
0fa8ef3761ea0bfe263610bc6ef4d6640f16d919dd856270d32640519b8ff7cd,0fa8ef3761ea__f1_16__f2_32__dropout_0p4__activation_relu__seed_42,f1_16__f2_32__dropout_0p4__activation_relu,42,29,False,NaN,NaN,NaN,NaN
0fa8ef3761ea0bfe263610bc6ef4d6640f16d919dd856270d32640519b8ff7cd,0fa8ef3761ea__f1_16__f2_32__dropout_0p4__activation_relu__seed_42,f1_16__f2_32__dropout_0p4__activation_relu,42,30,False,NaN,NaN,NaN,NaN
0fa8ef3761ea0bfe263610bc6ef4d6640f16d919dd856270d32640519b8ff7cd,0fa8ef3761ea__f1_16__f2_32__dropout_0p4__activation_relu__seed_43,f1_16__f2_32__dropout_0p4__activation_relu,43,1,True,0.8991568684577942,0.3347010910511017,0.9442222118377686,0.24351733922958374
0fa8ef3761ea0bfe263610bc6ef4d6640f16d919dd856270d32640519b8ff7cd,0fa8ef3761ea__f1_16__f2_32__dropout_0p4__activation_relu__seed_43,f1_16__f2_32__dropout_0p4__activation_relu,43,2,True,0.9703333377838135,0.09479013830423355,0.984333336353302,0.05682581663131714
0fa8ef3761ea0bfe263610bc6ef4d6640f16d919dd856270d32640519b8ff7cd,0fa8ef3761ea__f1_16__f2_32__dropout_0p4__activation_relu__seed_43,f1_16__f2_32__dropout_0p4__activation_relu,43,3,True,0.9797254800796509,0.06555426865816116,0.984000027179718,0.052213240414857864
0fa8ef3761ea0bfe263610bc6ef4d6640f16d919dd856270d32640519b8ff7cd,0fa8ef3761ea__f1_16__f2_32__dropout_0p4__activation_relu__seed_43,f1_16__f2_32__dropout_0p4__activation_relu,43,4,True,0.9829019904136658,0.05394160747528076,0.9871110916137695,0.04739004746079445
0fa8ef3761ea0bfe263610bc6ef4d6640f16d919dd856270d32640519b8ff7cd,0fa8ef3761ea__f1_16__f2_32__dropout_0p4__activation_relu__seed_43,f1_16__f2_32__dropout_0p4__activation_relu,43,5,True,0.9860392212867737,0.04477221146225929,0.988777756690979,0.04107159376144409
0fa8ef3761ea0bfe263610bc6ef4d6640f16d919dd856270d32640519b8ff7cd,0fa8ef3761ea__f1_16__f2_32__dropout_0p4__activation_relu__seed_43,f1_16__f2_32__dropout_0p4__activation_relu,43,6,True,0.9873137474060059,0.03982273489236832,0.9888888597488403,0.04089082032442093
0fa8ef3761ea0bfe263610bc6ef4d6640f16d919dd856270d32640519b8ff7cd,0fa8ef3761ea__f1_16__f2_32__dropout_0p4__activation_relu__seed_43,f1_16__f2_32__dropout_0p4__activation_relu,43,7,True,0.9882549047470093,0.0361662395298481,0.9888888597488403,0.04263236001133919
0fa8ef3761ea0bfe263610bc6ef4d6640f16d919dd856270d32640519b8ff7cd,0fa8ef3761ea__f1_16__f2_32__dropout_0p4__activation_relu__seed_43,f1_16__f2_32__dropout_0p4__activation_relu,43,8,True,0.9890784025192261,0.032900772988796234,0.988777756690979,0.03860275447368622
0fa8ef3761ea0bfe263610bc6ef4d6640f16d919dd856270d32640519b8ff7cd,0fa8ef3761ea__f1_16__f2_32__dropout_0p4__activation_relu__seed_43,f1_16__f2_32__dropout_0p4__activation_relu,43,9,True,0.9896666407585144,0.03039788268506527,0.9908888936042786,0.03598390147089958
0fa8ef3761ea0bfe263610bc6ef4d6640f16d919dd856270d32640519b8ff7cd,0fa8ef3761ea__f1_16__f2_32__dropout_0p4__activation_relu__seed_43,f1_16__f2_32__dropout_0p4__activation_relu,43,10,True,0.9906470775604248,0.028606344014406204,0.9895555377006531,0.03916012495756149
0fa8ef3761ea0bfe263610bc6ef4d6640f16d919dd856270d32640519b8ff7cd,0fa8ef3761ea__f1_16__f2_32__dropout_0p4__activation_relu__seed_43,f1_16__f2_32__dropout_0p4__activation_relu,43,11,True,0.991215705871582,0.025959918275475502,0.9868888854980469,0.04827650263905525
0fa8ef3761ea0bfe263610bc6ef4d6640f16d919dd856270d32640519b8ff7cd,0fa8ef3761ea__f1_16__f2_32__dropout_0p4__activation_relu__seed_43,f1_16__f2_32__dropout_0p4__activation_relu,43,12,False,NaN,NaN,NaN,NaN
0fa8ef3761ea0bfe263610bc6ef4d6640f16d919dd856270d32640519b8ff7cd,0fa8ef3761ea__f1_16__f2_32__dropout_0p4__activation_relu__seed_43,f1_16__f2_32__dropout_0p4__activation_relu,43,13,False,NaN,NaN,NaN,NaN
0fa8ef3761ea0bfe263610bc6ef4d6640f16d919dd856270d32640519b8ff7cd,0fa8ef3761ea__f1_16__f2_32__dropout_0p4__activation_relu__seed_43,f1_16__f2_32__dropout_0p4__activation_relu,43,14,False,NaN,NaN,NaN,NaN
0fa8ef3761ea0bfe263610bc6ef4d6640f16d919dd856270d32640519b8ff7cd,0fa8ef3761ea__f1_16__f2_32__dropout_0p4__activation_relu__seed_43,f1_16__f2_32__dropout_0p4__activation_relu,43,15,False,NaN,NaN,NaN,NaN
0fa8ef3761ea0bfe263610bc6ef4d6640f16d919dd856270d32640519b8ff7cd,0fa8ef3761ea__f1_16__f2_32__dropout_0p4__activation_relu__seed_43,f1_16__f2_32__dropout_0p4__activation_relu,43,16,False,NaN,NaN,NaN,NaN
0fa8ef3761ea0bfe263610bc6ef4d6640f16d919dd856270d32640519b8ff7cd,0fa8ef3761ea__f1_16__f2_32__dropout_0p4__activation_relu__seed_43,f1_16__f2_32__dropout_0p4__activation_relu,43,17,False,NaN,NaN,NaN,NaN
0fa8ef3761ea0bfe263610bc6ef4d6640f16d919dd856270d32640519b8ff7cd,0fa8ef3761ea__f1_16__f2_32__dropout_0p4__activation_relu__seed_43,f1_16__f2_32__dropout_0p4__activation_relu,43,18,False,NaN,NaN,NaN,NaN
0fa8ef3761ea0bfe263610bc6ef4d6640f16d919dd856270d32640519b8ff7cd,0fa8ef3761ea__f1_16__f2_32__dropout_0p4__activation_relu__seed_43,f1_16__f2_32__dropout_0p4__activation_relu,43,19,False,NaN,NaN,NaN,NaN
0fa8ef3761ea0bfe263610bc6ef4d6640f16d919dd856270d32640519b8ff7cd,0fa8ef3761ea__f1_16__f2_32__dropout_0p4__activation_relu__seed_43,f1_16__f2_32__dropout_0p4__activation_relu,43,20,False,NaN,NaN,NaN,NaN
0fa8ef3761ea0bfe263610bc6ef4d6640f16d919dd856270d32640519b8ff7cd,0fa8ef3761ea__f1_16__f2_32__dropout_0p4__activation_relu__seed_43,f1_16__f2_32__dropout_0p4__activation_relu,43,21,False,NaN,NaN,NaN,NaN
0fa8ef3761ea0bfe263610bc6ef4d6640f16d919dd856270d32640519b8ff7cd,0fa8ef3761ea__f1_16__f2_32__dropout_0p4__activation_relu__seed_43,f1_16__f2_32__dropout_0p4__activation_relu,43,22,False,NaN,NaN,NaN,NaN
0fa8ef3761ea0bfe263610bc6ef4d6640f16d919dd856270d32640519b8ff7cd,0fa8ef3761ea__f1_16__f2_32__dropout_0p4__activation_relu__seed_43,f1_16__f2_32__dropout_0p4__activation_relu,43,23,False,NaN,NaN,NaN,NaN
0fa8ef3761ea0bfe263610bc6ef4d6640f16d919dd856270d32640519b8ff7cd,0fa8ef3761ea__f1_16__f2_32__dropout_0p4__activation_relu__seed_43,f1_16__f2_32__dropout_0p4__activation_relu,43,24,False,NaN,NaN,NaN,NaN
0fa8ef3761ea0bfe263610bc6ef4d6640f16d919dd856270d32640519b8ff7cd,0fa8ef3761ea__f1_16__f2_32__dropout_0p4__activation_relu__seed_43,f1_16__f2_32__dropout_0p4__activation_relu,43,25,False,NaN,NaN,NaN,NaN
0fa8ef3761ea0bfe263610bc6ef4d6640f16d919dd856270d32640519b8ff7cd,0fa8ef3761ea__f1_16__f2_32__dropout_0p4__activation_relu__seed_43,f1_16__f2_32__dropout_0p4__activation_relu,43,26,False,NaN,NaN,NaN,NaN
0fa8ef3761ea0bfe263610bc6ef4d6640f16d919dd856270d32640519b8ff7cd,0fa8ef3761ea__f1_16__f2_32__dropout_0p4__activation_relu__seed_43,f1_16__f2_32__dropout_0p4__activation_relu,43,27,False,NaN,NaN,NaN,NaN
0fa8ef3761ea0bfe263610bc6ef4d6640f16d919dd856270d32640519b8ff7cd,0fa8ef3761ea__f1_16__f2_32__dropout_0p4__activation_relu__seed_43,f1_16__f2_32__dropout_0p4__activation_relu,43,28,False,NaN,NaN,NaN,NaN
0fa8ef3761ea0bfe263610bc6ef4d6640f16d919dd856270d32640519b8ff7cd,0fa8ef3761ea__f1_16__f2_32__dropout_0p4__activation_relu__seed_43,f1_16__f2_32__dropout_0p4__activation_relu,43,29,False,NaN,NaN,NaN,NaN
0fa8ef3761ea0bfe263610bc6ef4d6640f16d919dd856270d32640519b8ff7cd,0fa8ef3761ea__f1_16__f2_32__dropout_0p4__activation_relu__seed_43,f1_16__f2_32__dropout_0p4__activation_relu,43,30,False,NaN,NaN,NaN,NaN
0fa8ef3761ea0bfe263610bc6ef4d6640f16d919dd856270d32640519b8ff7cd,0fa8ef3761ea__f1_16__f2_32__dropout_0p4__activation_relu__seed_44,f1_16__f2_32__dropout_0p4__activation_relu,44,1,True,0.893823504447937,0.3471192419528961,0.9097777605056763,0.32223305106163025
0fa8ef3761ea0bfe263610bc6ef4d6640f16d919dd856270d32640519b8ff7cd,0fa8ef3761ea__f1_16__f2_32__dropout_0p4__activation_relu__seed_44,f1_16__f2_32__dropout_0p4__activation_relu,44,2,True,0.9695490002632141,0.09571364521980286,0.9826666712760925,0.05815886706113815
0fa8ef3761ea0bfe263610bc6ef4d6640f16d919dd856270d32640519b8ff7cd,0fa8ef3761ea__f1_16__f2_32__dropout_0p4__activation_relu__seed_44,f1_16__f2_32__dropout_0p4__activation_relu,44,3,True,0.9771568775177002,0.06988087296485901,0.9864444732666016,0.04918961971998215
0fa8ef3761ea0bfe263610bc6ef4d6640f16d919dd856270d32640519b8ff7cd,0fa8ef3761ea__f1_16__f2_32__dropout_0p4__activation_relu__seed_44,f1_16__f2_32__dropout_0p4__activation_relu,44,4,True,0.9811961054801941,0.057756274938583374,0.9872221946716309,0.04525017365813255
0fa8ef3761ea0bfe263610bc6ef4d6640f16d919dd856270d32640519b8ff7cd,0fa8ef3761ea__f1_16__f2_32__dropout_0p4__activation_relu__seed_44,f1_16__f2_32__dropout_0p4__activation_relu,44,5,True,0.9842156767845154,0.04948587715625763,0.9882222414016724,0.0414673313498497
0fa8ef3761ea0bfe263610bc6ef4d6640f16d919dd856270d32640519b8ff7cd,0fa8ef3761ea__f1_16__f2_32__dropout_0p4__activation_relu__seed_44,f1_16__f2_32__dropout_0p4__activation_relu,44,6,True,0.9862744808197021,0.042839422821998596,0.9893333315849304,0.04298585653305054
0fa8ef3761ea0bfe263610bc6ef4d6640f16d919dd856270d32640519b8ff7cd,0fa8ef3761ea__f1_16__f2_32__dropout_0p4__activation_relu__seed_44,f1_16__f2_32__dropout_0p4__activation_relu,44,7,True,0.9872745275497437,0.0395088866353035,0.9874444603919983,0.043892752379179
0fa8ef3761ea0bfe263610bc6ef4d6640f16d919dd856270d32640519b8ff7cd,0fa8ef3761ea__f1_16__f2_32__dropout_0p4__activation_relu__seed_44,f1_16__f2_32__dropout_0p4__activation_relu,44,8,False,NaN,NaN,NaN,NaN
0fa8ef3761ea0bfe263610bc6ef4d6640f16d919dd856270d32640519b8ff7cd,0fa8ef3761ea__f1_16__f2_32__dropout_0p4__activation_relu__seed_44,f1_16__f2_32__dropout_0p4__activation_relu,44,9,False,NaN,NaN,NaN,NaN
0fa8ef3761ea0bfe263610bc6ef4d6640f16d919dd856270d32640519b8ff7cd,0fa8ef3761ea__f1_16__f2_32__dropout_0p4__activation_relu__seed_44,f1_16__f2_32__dropout_0p4__activation_relu,44,10,False,NaN,NaN,NaN,NaN
0fa8ef3761ea0bfe263610bc6ef4d6640f16d919dd856270d32640519b8ff7cd,0fa8ef3761ea__f1_16__f2_32__dropout_0p4__activation_relu__seed_44,f1_16__f2_32__dropout_0p4__activation_relu,44,11,False,NaN,NaN,NaN,NaN
0fa8ef3761ea0bfe263610bc6ef4d6640f16d919dd856270d32640519b8ff7cd,0fa8ef3761ea__f1_16__f2_32__dropout_0p4__activation_relu__seed_44,f1_16__f2_32__dropout_0p4__activation_relu,44,12,False,NaN,NaN,NaN,NaN
0fa8ef3761ea0bfe263610bc6ef4d6640f16d919dd856270d32640519b8ff7cd,0fa8ef3761ea__f1_16__f2_32__dropout_0p4__activation_relu__seed_44,f1_16__f2_32__dropout_0p4__activation_relu,44,13,False,NaN,NaN,NaN,NaN
0fa8ef3761ea0bfe263610bc6ef4d6640f16d919dd856270d32640519b8ff7cd,0fa8ef3761ea__f1_16__f2_32__dropout_0p4__activation_relu__seed_44,f1_16__f2_32__dropout_0p4__activation_relu,44,14,False,NaN,NaN,NaN,NaN
0fa8ef3761ea0bfe263610bc6ef4d6640f16d919dd856270d32640519b8ff7cd,0fa8ef3761ea__f1_16__f2_32__dropout_0p4__activation_relu__seed_44,f1_16__f2_32__dropout_0p4__activation_relu,44,15,False,NaN,NaN,NaN,NaN
0fa8ef3761ea0bfe263610bc6ef4d6640f16d919dd856270d32640519b8ff7cd,0fa8ef3761ea__f1_16__f2_32__dropout_0p4__activation_relu__seed_44,f1_16__f2_32__dropout_0p4__activation_relu,44,16,False,NaN,NaN,NaN,NaN
0fa8ef3761ea0bfe263610bc6ef4d6640f16d919dd856270d32640519b8ff7cd,0fa8ef3761ea__f1_16__f2_32__dropout_0p4__activation_relu__seed_44,f1_16__f2_32__dropout_0p4__activation_relu,44,17,False,NaN,NaN,NaN,NaN
0fa8ef3761ea0bfe263610bc6ef4d6640f16d919dd856270d32640519b8ff7cd,0fa8ef3761ea__f1_16__f2_32__dropout_0p4__activation_relu__seed_44,f1_16__f2_32__dropout_0p4__activation_relu,44,18,False,NaN,NaN,NaN,NaN
0fa8ef3761ea0bfe263610bc6ef4d6640f16d919dd856270d32640519b8ff7cd,0fa8ef3761ea__f1_16__f2_32__dropout_0p4__activation_relu__seed_44,f1_16__f2_32__dropout_0p4__activation_relu,44,19,False,NaN,NaN,NaN,NaN
0fa8ef3761ea0bfe263610bc6ef4d6640f16d919dd856270d32640519b8ff7cd,0fa8ef3761ea__f1_16__f2_32__dropout_0p4__activation_relu__seed_44,f1_16__f2_32__dropout_0p4__activation_relu,44,20,False,NaN,NaN,NaN,NaN
0fa8ef3761ea0bfe263610bc6ef4d6640f16d919dd856270d32640519b8ff7cd,0fa8ef3761ea__f1_16__f2_32__dropout_0p4__activation_relu__seed_44,f1_16__f2_32__dropout_0p4__activation_relu,44,21,False,NaN,NaN,NaN,NaN
0fa8ef3761ea0bfe263610bc6ef4d6640f16d919dd856270d32640519b8ff7cd,0fa8ef3761ea__f1_16__f2_32__dropout_0p4__activation_relu__seed_44,f1_16__f2_32__dropout_0p4__activation_relu,44,22,False,NaN,NaN,NaN,NaN
0fa8ef3761ea0bfe263610bc6ef4d6640f16d919dd856270d32640519b8ff7cd,0fa8ef3761ea__f1_16__f2_32__dropout_0p4__activation_relu__seed_44,f1_16__f2_32__dropout_0p4__activation_relu,44,23,False,NaN,NaN,NaN,NaN
0fa8ef3761ea0bfe263610bc6ef4d6640f16d919dd856270d32640519b8ff7cd,0fa8ef3761ea__f1_16__f2_32__dropout_0p4__activation_relu__seed_44,f1_16__f2_32__dropout_0p4__activation_relu,44,24,False,NaN,NaN,NaN,NaN
0fa8ef3761ea0bfe263610bc6ef4d6640f16d919dd856270d32640519b8ff7cd,0fa8ef3761ea__f1_16__f2_32__dropout_0p4__activation_relu__seed_44,f1_16__f2_32__dropout_0p4__activation_relu,44,25,False,NaN,NaN,NaN,NaN
0fa8ef3761ea0bfe263610bc6ef4d6640f16d919dd856270d32640519b8ff7cd,0fa8ef3761ea__f1_16__f2_32__dropout_0p4__activation_relu__seed_44,f1_16__f2_32__dropout_0p4__activation_relu,44,26,False,NaN,NaN,NaN,NaN
0fa8ef3761ea0bfe263610bc6ef4d6640f16d919dd856270d32640519b8ff7cd,0fa8ef3761ea__f1_16__f2_32__dropout_0p4__activation_relu__seed_44,f1_16__f2_32__dropout_0p4__activation_relu,44,27,False,NaN,NaN,NaN,NaN
0fa8ef3761ea0bfe263610bc6ef4d6640f16d919dd856270d32640519b8ff7cd,0fa8ef3761ea__f1_16__f2_32__dropout_0p4__activation_relu__seed_44,f1_16__f2_32__dropout_0p4__activation_relu,44,28,False,NaN,NaN,NaN,NaN
0fa8ef3761ea0bfe263610bc6ef4d6640f16d919dd856270d32640519b8ff7cd,0fa8ef3761ea__f1_16__f2_32__dropout_0p4__activation_relu__seed_44,f1_16__f2_32__dropout_0p4__activation_relu,44,29,False,NaN,NaN,NaN,NaN
0fa8ef3761ea0bfe263610bc6ef4d6640f16d919dd856270d32640519b8ff7cd,0fa8ef3761ea__f1_16__f2_32__dropout_0p4__activation_relu__seed_44,f1_16__f2_32__dropout_0p4__activation_relu,44,30,False,NaN,NaN,NaN,NaN
0fa8ef3761ea0bfe263610bc6ef4d6640f16d919dd856270d32640519b8ff7cd,0fa8ef3761ea__f1_16__f2_32__dropout_0p4__activation_relu__seed_45,f1_16__f2_32__dropout_0p4__activation_relu,45,1,True,0.9054117798805237,0.3144244849681854,0.9071111083030701,0.3406688868999481
0fa8ef3761ea0bfe263610bc6ef4d6640f16d919dd856270d32640519b8ff7cd,0fa8ef3761ea__f1_16__f2_32__dropout_0p4__activation_relu__seed_45,f1_16__f2_32__dropout_0p4__activation_relu,45,2,True,0.9702156782150269,0.09767239540815353,0.9815555810928345,0.06148405745625496
0fa8ef3761ea0bfe263610bc6ef4d6640f16d919dd856270d32640519b8ff7cd,0fa8ef3761ea__f1_16__f2_32__dropout_0p4__activation_relu__seed_45,f1_16__f2_32__dropout_0p4__activation_relu,45,3,True,0.9787647128105164,0.06785262376070023,0.984666645526886,0.051207203418016434
0fa8ef3761ea0bfe263610bc6ef4d6640f16d919dd856270d32640519b8ff7cd,0fa8ef3761ea__f1_16__f2_32__dropout_0p4__activation_relu__seed_45,f1_16__f2_32__dropout_0p4__activation_relu,45,4,True,0.9827451109886169,0.0553024560213089,0.9874444603919983,0.045391544699668884
0fa8ef3761ea0bfe263610bc6ef4d6640f16d919dd856270d32640519b8ff7cd,0fa8ef3761ea__f1_16__f2_32__dropout_0p4__activation_relu__seed_45,f1_16__f2_32__dropout_0p4__activation_relu,45,5,True,0.9844509959220886,0.0494772233068943,0.9868888854980469,0.045169319957494736
0fa8ef3761ea0bfe263610bc6ef4d6640f16d919dd856270d32640519b8ff7cd,0fa8ef3761ea__f1_16__f2_32__dropout_0p4__activation_relu__seed_45,f1_16__f2_32__dropout_0p4__activation_relu,45,6,True,0.9861961007118225,0.04327031597495079,0.988444447517395,0.042504776269197464
0fa8ef3761ea0bfe263610bc6ef4d6640f16d919dd856270d32640519b8ff7cd,0fa8ef3761ea__f1_16__f2_32__dropout_0p4__activation_relu__seed_45,f1_16__f2_32__dropout_0p4__activation_relu,45,7,True,0.9877254962921143,0.039015527814626694,0.9900000095367432,0.03929745405912399
0fa8ef3761ea0bfe263610bc6ef4d6640f16d919dd856270d32640519b8ff7cd,0fa8ef3761ea__f1_16__f2_32__dropout_0p4__activation_relu__seed_45,f1_16__f2_32__dropout_0p4__activation_relu,45,8,True,0.9886078238487244,0.035145148634910583,0.987666666507721,0.04501724988222122
0fa8ef3761ea0bfe263610bc6ef4d6640f16d919dd856270d32640519b8ff7cd,0fa8ef3761ea__f1_16__f2_32__dropout_0p4__activation_relu__seed_45,f1_16__f2_32__dropout_0p4__activation_relu,45,9,True,0.9888627529144287,0.03262268379330635,0.9903333187103271,0.034971363842487335
0fa8ef3761ea0bfe263610bc6ef4d6640f16d919dd856270d32640519b8ff7cd,0fa8ef3761ea__f1_16__f2_32__dropout_0p4__activation_relu__seed_45,f1_16__f2_32__dropout_0p4__activation_relu,45,10,True,0.989254891872406,0.03181445971131325,0.9900000095367432,0.03547953441739082
0fa8ef3761ea0bfe263610bc6ef4d6640f16d919dd856270d32640519b8ff7cd,0fa8ef3761ea__f1_16__f2_32__dropout_0p4__activation_relu__seed_45,f1_16__f2_32__dropout_0p4__activation_relu,45,11,True,0.9905098080635071,0.027946440503001213,0.9924444556236267,0.03325711190700531
0fa8ef3761ea0bfe263610bc6ef4d6640f16d919dd856270d32640519b8ff7cd,0fa8ef3761ea__f1_16__f2_32__dropout_0p4__activation_relu__seed_45,f1_16__f2_32__dropout_0p4__activation_relu,45,12,True,0.9912353157997131,0.026859290897846222,0.9896666407585144,0.037352386862039566
0fa8ef3761ea0bfe263610bc6ef4d6640f16d919dd856270d32640519b8ff7cd,0fa8ef3761ea__f1_16__f2_32__dropout_0p4__activation_relu__seed_45,f1_16__f2_32__dropout_0p4__activation_relu,45,13,True,0.9909411668777466,0.027184242382645607,0.9894444346427917,0.04284318536520004
0fa8ef3761ea0bfe263610bc6ef4d6640f16d919dd856270d32640519b8ff7cd,0fa8ef3761ea__f1_16__f2_32__dropout_0p4__activation_relu__seed_45,f1_16__f2_32__dropout_0p4__activation_relu,45,14,False,NaN,NaN,NaN,NaN
0fa8ef3761ea0bfe263610bc6ef4d6640f16d919dd856270d32640519b8ff7cd,0fa8ef3761ea__f1_16__f2_32__dropout_0p4__activation_relu__seed_45,f1_16__f2_32__dropout_0p4__activation_relu,45,15,False,NaN,NaN,NaN,NaN
0fa8ef3761ea0bfe263610bc6ef4d6640f16d919dd856270d32640519b8ff7cd,0fa8ef3761ea__f1_16__f2_32__dropout_0p4__activation_relu__seed_45,f1_16__f2_32__dropout_0p4__activation_relu,45,16,False,NaN,NaN,NaN,NaN
0fa8ef3761ea0bfe263610bc6ef4d6640f16d919dd856270d32640519b8ff7cd,0fa8ef3761ea__f1_16__f2_32__dropout_0p4__activation_relu__seed_45,f1_16__f2_32__dropout_0p4__activation_relu,45,17,False,NaN,NaN,NaN,NaN
0fa8ef3761ea0bfe263610bc6ef4d6640f16d919dd856270d32640519b8ff7cd,0fa8ef3761ea__f1_16__f2_32__dropout_0p4__activation_relu__seed_45,f1_16__f2_32__dropout_0p4__activation_relu,45,18,False,NaN,NaN,NaN,NaN
0fa8ef3761ea0bfe263610bc6ef4d6640f16d919dd856270d32640519b8ff7cd,0fa8ef3761ea__f1_16__f2_32__dropout_0p4__activation_relu__seed_45,f1_16__f2_32__dropout_0p4__activation_relu,45,19,False,NaN,NaN,NaN,NaN
0fa8ef3761ea0bfe263610bc6ef4d6640f16d919dd856270d32640519b8ff7cd,0fa8ef3761ea__f1_16__f2_32__dropout_0p4__activation_relu__seed_45,f1_16__f2_32__dropout_0p4__activation_relu,45,20,False,NaN,NaN,NaN,NaN
0fa8ef3761ea0bfe263610bc6ef4d6640f16d919dd856270d32640519b8ff7cd,0fa8ef3761ea__f1_16__f2_32__dropout_0p4__activation_relu__seed_45,f1_16__f2_32__dropout_0p4__activation_relu,45,21,False,NaN,NaN,NaN,NaN
0fa8ef3761ea0bfe263610bc6ef4d6640f16d919dd856270d32640519b8ff7cd,0fa8ef3761ea__f1_16__f2_32__dropout_0p4__activation_relu__seed_45,f1_16__f2_32__dropout_0p4__activation_relu,45,22,False,NaN,NaN,NaN,NaN
0fa8ef3761ea0bfe263610bc6ef4d6640f16d919dd856270d32640519b8ff7cd,0fa8ef3761ea__f1_16__f2_32__dropout_0p4__activation_relu__seed_45,f1_16__f2_32__dropout_0p4__activation_relu,45,23,False,NaN,NaN,NaN,NaN
0fa8ef3761ea0bfe263610bc6ef4d6640f16d919dd856270d32640519b8ff7cd,0fa8ef3761ea__f1_16__f2_32__dropout_0p4__activation_relu__seed_45,f1_16__f2_32__dropout_0p4__activation_relu,45,24,False,NaN,NaN,NaN,NaN
0fa8ef3761ea0bfe263610bc6ef4d6640f16d919dd856270d32640519b8ff7cd,0fa8ef3761ea__f1_16__f2_32__dropout_0p4__activation_relu__seed_45,f1_16__f2_32__dropout_0p4__activation_relu,45,25,False,NaN,NaN,NaN,NaN
0fa8ef3761ea0bfe263610bc6ef4d6640f16d919dd856270d32640519b8ff7cd,0fa8ef3761ea__f1_16__f2_32__dropout_0p4__activation_relu__seed_45,f1_16__f2_32__dropout_0p4__activation_relu,45,26,False,NaN,NaN,NaN,NaN
0fa8ef3761ea0bfe263610bc6ef4d6640f16d919dd856270d32640519b8ff7cd,0fa8ef3761ea__f1_16__f2_32__dropout_0p4__activation_relu__seed_45,f1_16__f2_32__dropout_0p4__activation_relu,45,27,False,NaN,NaN,NaN,NaN
0fa8ef3761ea0bfe263610bc6ef4d6640f16d919dd856270d32640519b8ff7cd,0fa8ef3761ea__f1_16__f2_32__dropout_0p4__activation_relu__seed_45,f1_16__f2_32__dropout_0p4__activation_relu,45,28,False,NaN,NaN,NaN,NaN
0fa8ef3761ea0bfe263610bc6ef4d6640f16d919dd856270d32640519b8ff7cd,0fa8ef3761ea__f1_16__f2_32__dropout_0p4__activation_relu__seed_45,f1_16__f2_32__dropout_0p4__activation_relu,45,29,False,NaN,NaN,NaN,NaN
0fa8ef3761ea0bfe263610bc6ef4d6640f16d919dd856270d32640519b8ff7cd,0fa8ef3761ea__f1_16__f2_32__dropout_0p4__activation_relu__seed_45,f1_16__f2_32__dropout_0p4__activation_relu,45,30,False,NaN,NaN,NaN,NaN
0fa8ef3761ea0bfe263610bc6ef4d6640f16d919dd856270d32640519b8ff7cd,0fa8ef3761ea__f1_16__f2_32__dropout_0p4__activation_relu__seed_46,f1_16__f2_32__dropout_0p4__activation_relu,46,1,True,0.9029019474983215,0.31593653559684753,0.9365555644035339,0.26096591353416443
0fa8ef3761ea0bfe263610bc6ef4d6640f16d919dd856270d32640519b8ff7cd,0fa8ef3761ea__f1_16__f2_32__dropout_0p4__activation_relu__seed_46,f1_16__f2_32__dropout_0p4__activation_relu,46,2,True,0.9693529605865479,0.09663322567939758,0.9837777614593506,0.0553005114197731
0fa8ef3761ea0bfe263610bc6ef4d6640f16d919dd856270d32640519b8ff7cd,0fa8ef3761ea__f1_16__f2_32__dropout_0p4__activation_relu__seed_46,f1_16__f2_32__dropout_0p4__activation_relu,46,3,True,0.9793333411216736,0.06739151477813721,0.9865555763244629,0.046880919486284256
0fa8ef3761ea0bfe263610bc6ef4d6640f16d919dd856270d32640519b8ff7cd,0fa8ef3761ea__f1_16__f2_32__dropout_0p4__activation_relu__seed_46,f1_16__f2_32__dropout_0p4__activation_relu,46,4,True,0.9828627705574036,0.05335380136966705,0.9877777695655823,0.04397467523813248
0fa8ef3761ea0bfe263610bc6ef4d6640f16d919dd856270d32640519b8ff7cd,0fa8ef3761ea__f1_16__f2_32__dropout_0p4__activation_relu__seed_46,f1_16__f2_32__dropout_0p4__activation_relu,46,5,True,0.9853529334068298,0.04541606456041336,0.988111138343811,0.044761426746845245
0fa8ef3761ea0bfe263610bc6ef4d6640f16d919dd856270d32640519b8ff7cd,0fa8ef3761ea__f1_16__f2_32__dropout_0p4__activation_relu__seed_46,f1_16__f2_32__dropout_0p4__activation_relu,46,6,True,0.9865097999572754,0.04172097519040108,0.988111138343811,0.0436072014272213
0fa8ef3761ea0bfe263610bc6ef4d6640f16d919dd856270d32640519b8ff7cd,0fa8ef3761ea__f1_16__f2_32__dropout_0p4__activation_relu__seed_46,f1_16__f2_32__dropout_0p4__activation_relu,46,7,True,0.987666666507721,0.03881499543786049,0.9874444603919983,0.04576139524579048
0fa8ef3761ea0bfe263610bc6ef4d6640f16d919dd856270d32640519b8ff7cd,0fa8ef3761ea__f1_16__f2_32__dropout_0p4__activation_relu__seed_46,f1_16__f2_32__dropout_0p4__activation_relu,46,8,True,0.9879999756813049,0.0350925512611866,0.9865555763244629,0.04927179589867592
0fa8ef3761ea0bfe263610bc6ef4d6640f16d919dd856270d32640519b8ff7cd,0fa8ef3761ea__f1_16__f2_32__dropout_0p4__activation_relu__seed_46,f1_16__f2_32__dropout_0p4__activation_relu,46,9,False,NaN,NaN,NaN,NaN
0fa8ef3761ea0bfe263610bc6ef4d6640f16d919dd856270d32640519b8ff7cd,0fa8ef3761ea__f1_16__f2_32__dropout_0p4__activation_relu__seed_46,f1_16__f2_32__dropout_0p4__activation_relu,46,10,False,NaN,NaN,NaN,NaN
0fa8ef3761ea0bfe263610bc6ef4d6640f16d919dd856270d32640519b8ff7cd,0fa8ef3761ea__f1_16__f2_32__dropout_0p4__activation_relu__seed_46,f1_16__f2_32__dropout_0p4__activation_relu,46,11,False,NaN,NaN,NaN,NaN
0fa8ef3761ea0bfe263610bc6ef4d6640f16d919dd856270d32640519b8ff7cd,0fa8ef3761ea__f1_16__f2_32__dropout_0p4__activation_relu__seed_46,f1_16__f2_32__dropout_0p4__activation_relu,46,12,False,NaN,NaN,NaN,NaN
0fa8ef3761ea0bfe263610bc6ef4d6640f16d919dd856270d32640519b8ff7cd,0fa8ef3761ea__f1_16__f2_32__dropout_0p4__activation_relu__seed_46,f1_16__f2_32__dropout_0p4__activation_relu,46,13,False,NaN,NaN,NaN,NaN
0fa8ef3761ea0bfe263610bc6ef4d6640f16d919dd856270d32640519b8ff7cd,0fa8ef3761ea__f1_16__f2_32__dropout_0p4__activation_relu__seed_46,f1_16__f2_32__dropout_0p4__activation_relu,46,14,False,NaN,NaN,NaN,NaN
0fa8ef3761ea0bfe263610bc6ef4d6640f16d919dd856270d32640519b8ff7cd,0fa8ef3761ea__f1_16__f2_32__dropout_0p4__activation_relu__seed_46,f1_16__f2_32__dropout_0p4__activation_relu,46,15,False,NaN,NaN,NaN,NaN
0fa8ef3761ea0bfe263610bc6ef4d6640f16d919dd856270d32640519b8ff7cd,0fa8ef3761ea__f1_16__f2_32__dropout_0p4__activation_relu__seed_46,f1_16__f2_32__dropout_0p4__activation_relu,46,16,False,NaN,NaN,NaN,NaN
0fa8ef3761ea0bfe263610bc6ef4d6640f16d919dd856270d32640519b8ff7cd,0fa8ef3761ea__f1_16__f2_32__dropout_0p4__activation_relu__seed_46,f1_16__f2_32__dropout_0p4__activation_relu,46,17,False,NaN,NaN,NaN,NaN
0fa8ef3761ea0bfe263610bc6ef4d6640f16d919dd856270d32640519b8ff7cd,0fa8ef3761ea__f1_16__f2_32__dropout_0p4__activation_relu__seed_46,f1_16__f2_32__dropout_0p4__activation_relu,46,18,False,NaN,NaN,NaN,NaN
0fa8ef3761ea0bfe263610bc6ef4d6640f16d919dd856270d32640519b8ff7cd,0fa8ef3761ea__f1_16__f2_32__dropout_0p4__activation_relu__seed_46,f1_16__f2_32__dropout_0p4__activation_relu,46,19,False,NaN,NaN,NaN,NaN
0fa8ef3761ea0bfe263610bc6ef4d6640f16d919dd856270d32640519b8ff7cd,0fa8ef3761ea__f1_16__f2_32__dropout_0p4__activation_relu__seed_46,f1_16__f2_32__dropout_0p4__activation_relu,46,20,False,NaN,NaN,NaN,NaN
0fa8ef3761ea0bfe263610bc6ef4d6640f16d919dd856270d32640519b8ff7cd,0fa8ef3761ea__f1_16__f2_32__dropout_0p4__activation_relu__seed_46,f1_16__f2_32__dropout_0p4__activation_relu,46,21,False,NaN,NaN,NaN,NaN
0fa8ef3761ea0bfe263610bc6ef4d6640f16d919dd856270d32640519b8ff7cd,0fa8ef3761ea__f1_16__f2_32__dropout_0p4__activation_relu__seed_46,f1_16__f2_32__dropout_0p4__activation_relu,46,22,False,NaN,NaN,NaN,NaN
0fa8ef3761ea0bfe263610bc6ef4d6640f16d919dd856270d32640519b8ff7cd,0fa8ef3761ea__f1_16__f2_32__dropout_0p4__activation_relu__seed_46,f1_16__f2_32__dropout_0p4__activation_relu,46,23,False,NaN,NaN,NaN,NaN
0fa8ef3761ea0bfe263610bc6ef4d6640f16d919dd856270d32640519b8ff7cd,0fa8ef3761ea__f1_16__f2_32__dropout_0p4__activation_relu__seed_46,f1_16__f2_32__dropout_0p4__activation_relu,46,24,False,NaN,NaN,NaN,NaN
0fa8ef3761ea0bfe263610bc6ef4d6640f16d919dd856270d32640519b8ff7cd,0fa8ef3761ea__f1_16__f2_32__dropout_0p4__activation_relu__seed_46,f1_16__f2_32__dropout_0p4__activation_relu,46,25,False,NaN,NaN,NaN,NaN
0fa8ef3761ea0bfe263610bc6ef4d6640f16d919dd856270d32640519b8ff7cd,0fa8ef3761ea__f1_16__f2_32__dropout_0p4__activation_relu__seed_46,f1_16__f2_32__dropout_0p4__activation_relu,46,26,False,NaN,NaN,NaN,NaN
0fa8ef3761ea0bfe263610bc6ef4d6640f16d919dd856270d32640519b8ff7cd,0fa8ef3761ea__f1_16__f2_32__dropout_0p4__activation_relu__seed_46,f1_16__f2_32__dropout_0p4__activation_relu,46,27,False,NaN,NaN,NaN,NaN
0fa8ef3761ea0bfe263610bc6ef4d6640f16d919dd856270d32640519b8ff7cd,0fa8ef3761ea__f1_16__f2_32__dropout_0p4__activation_relu__seed_46,f1_16__f2_32__dropout_0p4__activation_relu,46,28,False,NaN,NaN,NaN,NaN
0fa8ef3761ea0bfe263610bc6ef4d6640f16d919dd856270d32640519b8ff7cd,0fa8ef3761ea__f1_16__f2_32__dropout_0p4__activation_relu__seed_46,f1_16__f2_32__dropout_0p4__activation_relu,46,29,False,NaN,NaN,NaN,NaN
0fa8ef3761ea0bfe263610bc6ef4d6640f16d919dd856270d32640519b8ff7cd,0fa8ef3761ea__f1_16__f2_32__dropout_0p4__activation_relu__seed_46,f1_16__f2_32__dropout_0p4__activation_relu,46,30,False,NaN,NaN,NaN,NaN
0fa8ef3761ea0bfe263610bc6ef4d6640f16d919dd856270d32640519b8ff7cd,0fa8ef3761ea__f1_16__f2_32__dropout_0p4__activation_softmax__seed_42,f1_16__f2_32__dropout_0p4__activation_softmax,42,1,True,0.9101176261901855,0.2929520606994629,0.6581110954284668,1.5788012742996216
0fa8ef3761ea0bfe263610bc6ef4d6640f16d919dd856270d32640519b8ff7cd,0fa8ef3761ea__f1_16__f2_32__dropout_0p4__activation_softmax__seed_42,f1_16__f2_32__dropout_0p4__activation_softmax,42,2,True,0.9712156653404236,0.09073609858751297,0.9848889112472534,0.05222258344292641
0fa8ef3761ea0bfe263610bc6ef4d6640f16d919dd856270d32640519b8ff7cd,0fa8ef3761ea__f1_16__f2_32__dropout_0p4__activation_softmax__seed_42,f1_16__f2_32__dropout_0p4__activation_softmax,42,3,True,0.9789019823074341,0.06648615747690201,0.9879999756813049,0.045593421906232834
0fa8ef3761ea0bfe263610bc6ef4d6640f16d919dd856270d32640519b8ff7cd,0fa8ef3761ea__f1_16__f2_32__dropout_0p4__activation_softmax__seed_42,f1_16__f2_32__dropout_0p4__activation_softmax,42,4,True,0.9824901819229126,0.054051339626312256,0.9893333315849304,0.03932943567633629
0fa8ef3761ea0bfe263610bc6ef4d6640f16d919dd856270d32640519b8ff7cd,0fa8ef3761ea__f1_16__f2_32__dropout_0p4__activation_softmax__seed_42,f1_16__f2_32__dropout_0p4__activation_softmax,42,5,True,0.9849019646644592,0.04545548930764198,0.9890000224113464,0.038506802171468735
0fa8ef3761ea0bfe263610bc6ef4d6640f16d919dd856270d32640519b8ff7cd,0fa8ef3761ea__f1_16__f2_32__dropout_0p4__activation_softmax__seed_42,f1_16__f2_32__dropout_0p4__activation_softmax,42,6,True,0.9865686297416687,0.04102650284767151,0.9883333444595337,0.04284627363085747
0fa8ef3761ea0bfe263610bc6ef4d6640f16d919dd856270d32640519b8ff7cd,0fa8ef3761ea__f1_16__f2_32__dropout_0p4__activation_softmax__seed_42,f1_16__f2_32__dropout_0p4__activation_softmax,42,7,True,0.9886470437049866,0.03507892042398453,0.9915555715560913,0.03446035459637642
0fa8ef3761ea0bfe263610bc6ef4d6640f16d919dd856270d32640519b8ff7cd,0fa8ef3761ea__f1_16__f2_32__dropout_0p4__activation_softmax__seed_42,f1_16__f2_32__dropout_0p4__activation_softmax,42,8,True,0.9886274337768555,0.03440820053219795,0.9897778034210205,0.0392167828977108
0fa8ef3761ea0bfe263610bc6ef4d6640f16d919dd856270d32640519b8ff7cd,0fa8ef3761ea__f1_16__f2_32__dropout_0p4__activation_softmax__seed_42,f1_16__f2_32__dropout_0p4__activation_softmax,42,9,True,0.9897254705429077,0.03062690608203411,0.99144446849823,0.03278828039765358
0fa8ef3761ea0bfe263610bc6ef4d6640f16d919dd856270d32640519b8ff7cd,0fa8ef3761ea__f1_16__f2_32__dropout_0p4__activation_softmax__seed_42,f1_16__f2_32__dropout_0p4__activation_softmax,42,10,True,0.990313708782196,0.030269840732216835,0.9913333058357239,0.036655087023973465
0fa8ef3761ea0bfe263610bc6ef4d6640f16d919dd856270d32640519b8ff7cd,0fa8ef3761ea__f1_16__f2_32__dropout_0p4__activation_softmax__seed_42,f1_16__f2_32__dropout_0p4__activation_softmax,42,11,True,0.9901960492134094,0.03005930781364441,0.9915555715560913,0.03635825216770172
0fa8ef3761ea0bfe263610bc6ef4d6640f16d919dd856270d32640519b8ff7cd,0fa8ef3761ea__f1_16__f2_32__dropout_0p4__activation_softmax__seed_42,f1_16__f2_32__dropout_0p4__activation_softmax,42,12,False,NaN,NaN,NaN,NaN
0fa8ef3761ea0bfe263610bc6ef4d6640f16d919dd856270d32640519b8ff7cd,0fa8ef3761ea__f1_16__f2_32__dropout_0p4__activation_softmax__seed_42,f1_16__f2_32__dropout_0p4__activation_softmax,42,13,False,NaN,NaN,NaN,NaN
0fa8ef3761ea0bfe263610bc6ef4d6640f16d919dd856270d32640519b8ff7cd,0fa8ef3761ea__f1_16__f2_32__dropout_0p4__activation_softmax__seed_42,f1_16__f2_32__dropout_0p4__activation_softmax,42,14,False,NaN,NaN,NaN,NaN
0fa8ef3761ea0bfe263610bc6ef4d6640f16d919dd856270d32640519b8ff7cd,0fa8ef3761ea__f1_16__f2_32__dropout_0p4__activation_softmax__seed_42,f1_16__f2_32__dropout_0p4__activation_softmax,42,15,False,NaN,NaN,NaN,NaN
0fa8ef3761ea0bfe263610bc6ef4d6640f16d919dd856270d32640519b8ff7cd,0fa8ef3761ea__f1_16__f2_32__dropout_0p4__activation_softmax__seed_42,f1_16__f2_32__dropout_0p4__activation_softmax,42,16,False,NaN,NaN,NaN,NaN
0fa8ef3761ea0bfe263610bc6ef4d6640f16d919dd856270d32640519b8ff7cd,0fa8ef3761ea__f1_16__f2_32__dropout_0p4__activation_softmax__seed_42,f1_16__f2_32__dropout_0p4__activation_softmax,42,17,False,NaN,NaN,NaN,NaN
0fa8ef3761ea0bfe263610bc6ef4d6640f16d919dd856270d32640519b8ff7cd,0fa8ef3761ea__f1_16__f2_32__dropout_0p4__activation_softmax__seed_42,f1_16__f2_32__dropout_0p4__activation_softmax,42,18,False,NaN,NaN,NaN,NaN
0fa8ef3761ea0bfe263610bc6ef4d6640f16d919dd856270d32640519b8ff7cd,0fa8ef3761ea__f1_16__f2_32__dropout_0p4__activation_softmax__seed_42,f1_16__f2_32__dropout_0p4__activation_softmax,42,19,False,NaN,NaN,NaN,NaN
0fa8ef3761ea0bfe263610bc6ef4d6640f16d919dd856270d32640519b8ff7cd,0fa8ef3761ea__f1_16__f2_32__dropout_0p4__activation_softmax__seed_42,f1_16__f2_32__dropout_0p4__activation_softmax,42,20,False,NaN,NaN,NaN,NaN
0fa8ef3761ea0bfe263610bc6ef4d6640f16d919dd856270d32640519b8ff7cd,0fa8ef3761ea__f1_16__f2_32__dropout_0p4__activation_softmax__seed_42,f1_16__f2_32__dropout_0p4__activation_softmax,42,21,False,NaN,NaN,NaN,NaN
0fa8ef3761ea0bfe263610bc6ef4d6640f16d919dd856270d32640519b8ff7cd,0fa8ef3761ea__f1_16__f2_32__dropout_0p4__activation_softmax__seed_42,f1_16__f2_32__dropout_0p4__activation_softmax,42,22,False,NaN,NaN,NaN,NaN
0fa8ef3761ea0bfe263610bc6ef4d6640f16d919dd856270d32640519b8ff7cd,0fa8ef3761ea__f1_16__f2_32__dropout_0p4__activation_softmax__seed_42,f1_16__f2_32__dropout_0p4__activation_softmax,42,23,False,NaN,NaN,NaN,NaN
0fa8ef3761ea0bfe263610bc6ef4d6640f16d919dd856270d32640519b8ff7cd,0fa8ef3761ea__f1_16__f2_32__dropout_0p4__activation_softmax__seed_42,f1_16__f2_32__dropout_0p4__activation_softmax,42,24,False,NaN,NaN,NaN,NaN
0fa8ef3761ea0bfe263610bc6ef4d6640f16d919dd856270d32640519b8ff7cd,0fa8ef3761ea__f1_16__f2_32__dropout_0p4__activation_softmax__seed_42,f1_16__f2_32__dropout_0p4__activation_softmax,42,25,False,NaN,NaN,NaN,NaN
0fa8ef3761ea0bfe263610bc6ef4d6640f16d919dd856270d32640519b8ff7cd,0fa8ef3761ea__f1_16__f2_32__dropout_0p4__activation_softmax__seed_42,f1_16__f2_32__dropout_0p4__activation_softmax,42,26,False,NaN,NaN,NaN,NaN
0fa8ef3761ea0bfe263610bc6ef4d6640f16d919dd856270d32640519b8ff7cd,0fa8ef3761ea__f1_16__f2_32__dropout_0p4__activation_softmax__seed_42,f1_16__f2_32__dropout_0p4__activation_softmax,42,27,False,NaN,NaN,NaN,NaN
0fa8ef3761ea0bfe263610bc6ef4d6640f16d919dd856270d32640519b8ff7cd,0fa8ef3761ea__f1_16__f2_32__dropout_0p4__activation_softmax__seed_42,f1_16__f2_32__dropout_0p4__activation_softmax,42,28,False,NaN,NaN,NaN,NaN
0fa8ef3761ea0bfe263610bc6ef4d6640f16d919dd856270d32640519b8ff7cd,0fa8ef3761ea__f1_16__f2_32__dropout_0p4__activation_softmax__seed_42,f1_16__f2_32__dropout_0p4__activation_softmax,42,29,False,NaN,NaN,NaN,NaN
0fa8ef3761ea0bfe263610bc6ef4d6640f16d919dd856270d32640519b8ff7cd,0fa8ef3761ea__f1_16__f2_32__dropout_0p4__activation_softmax__seed_42,f1_16__f2_32__dropout_0p4__activation_softmax,42,30,False,NaN,NaN,NaN,NaN
0fa8ef3761ea0bfe263610bc6ef4d6640f16d919dd856270d32640519b8ff7cd,0fa8ef3761ea__f1_16__f2_32__dropout_0p4__activation_softmax__seed_43,f1_16__f2_32__dropout_0p4__activation_softmax,43,1,True,0.9038627743721008,0.31141185760498047,0.8826666474342346,1.5046054124832153
0fa8ef3761ea0bfe263610bc6ef4d6640f16d919dd856270d32640519b8ff7cd,0fa8ef3761ea__f1_16__f2_32__dropout_0p4__activation_softmax__seed_43,f1_16__f2_32__dropout_0p4__activation_softmax,43,2,True,0.9696078300476074,0.09892519563436508,0.9824444651603699,0.05857689678668976
0fa8ef3761ea0bfe263610bc6ef4d6640f16d919dd856270d32640519b8ff7cd,0fa8ef3761ea__f1_16__f2_32__dropout_0p4__activation_softmax__seed_43,f1_16__f2_32__dropout_0p4__activation_softmax,43,3,True,0.9786274433135986,0.06910055875778198,0.9868888854980469,0.046932123601436615
0fa8ef3761ea0bfe263610bc6ef4d6640f16d919dd856270d32640519b8ff7cd,0fa8ef3761ea__f1_16__f2_32__dropout_0p4__activation_softmax__seed_43,f1_16__f2_32__dropout_0p4__activation_softmax,43,4,True,0.9822157025337219,0.05577181652188301,0.9875555634498596,0.04537510126829147
0fa8ef3761ea0bfe263610bc6ef4d6640f16d919dd856270d32640519b8ff7cd,0fa8ef3761ea__f1_16__f2_32__dropout_0p4__activation_softmax__seed_43,f1_16__f2_32__dropout_0p4__activation_softmax,43,5,True,0.9856470823287964,0.0458686463534832,0.9883333444595337,0.040234941989183426
0fa8ef3761ea0bfe263610bc6ef4d6640f16d919dd856270d32640519b8ff7cd,0fa8ef3761ea__f1_16__f2_32__dropout_0p4__activation_softmax__seed_43,f1_16__f2_32__dropout_0p4__activation_softmax,43,6,True,0.9860784411430359,0.04418448358774185,0.9864444732666016,0.046270739287137985
0fa8ef3761ea0bfe263610bc6ef4d6640f16d919dd856270d32640519b8ff7cd,0fa8ef3761ea__f1_16__f2_32__dropout_0p4__activation_softmax__seed_43,f1_16__f2_32__dropout_0p4__activation_softmax,43,7,True,0.9875490069389343,0.038623642176389694,0.988444447517395,0.03934642672538757
0fa8ef3761ea0bfe263610bc6ef4d6640f16d919dd856270d32640519b8ff7cd,0fa8ef3761ea__f1_16__f2_32__dropout_0p4__activation_softmax__seed_43,f1_16__f2_32__dropout_0p4__activation_softmax,43,8,True,0.9882941246032715,0.03649301826953888,0.988777756690979,0.03894974663853645
0fa8ef3761ea0bfe263610bc6ef4d6640f16d919dd856270d32640519b8ff7cd,0fa8ef3761ea__f1_16__f2_32__dropout_0p4__activation_softmax__seed_43,f1_16__f2_32__dropout_0p4__activation_softmax,43,9,True,0.9892352819442749,0.03342472389340401,0.9894444346427917,0.0393245592713356
0fa8ef3761ea0bfe263610bc6ef4d6640f16d919dd856270d32640519b8ff7cd,0fa8ef3761ea__f1_16__f2_32__dropout_0p4__activation_softmax__seed_43,f1_16__f2_32__dropout_0p4__activation_softmax,43,10,True,0.9893333315849304,0.03212312236428261,0.9895555377006531,0.0380900539457798
0fa8ef3761ea0bfe263610bc6ef4d6640f16d919dd856270d32640519b8ff7cd,0fa8ef3761ea__f1_16__f2_32__dropout_0p4__activation_softmax__seed_43,f1_16__f2_32__dropout_0p4__activation_softmax,43,11,True,0.990686297416687,0.029094882309436798,0.9900000095367432,0.037254929542541504
0fa8ef3761ea0bfe263610bc6ef4d6640f16d919dd856270d32640519b8ff7cd,0fa8ef3761ea__f1_16__f2_32__dropout_0p4__activation_softmax__seed_43,f1_16__f2_32__dropout_0p4__activation_softmax,43,12,True,0.9908431172370911,0.028882844373583794,0.9903333187103271,0.034687742590904236
0fa8ef3761ea0bfe263610bc6ef4d6640f16d919dd856270d32640519b8ff7cd,0fa8ef3761ea__f1_16__f2_32__dropout_0p4__activation_softmax__seed_43,f1_16__f2_32__dropout_0p4__activation_softmax,43,13,True,0.9905294179916382,0.02796335518360138,0.9903333187103271,0.035576581954956055
0fa8ef3761ea0bfe263610bc6ef4d6640f16d919dd856270d32640519b8ff7cd,0fa8ef3761ea__f1_16__f2_32__dropout_0p4__activation_softmax__seed_43,f1_16__f2_32__dropout_0p4__activation_softmax,43,14,True,0.9914313554763794,0.0259126964956522,0.9901111125946045,0.03926975280046463
0fa8ef3761ea0bfe263610bc6ef4d6640f16d919dd856270d32640519b8ff7cd,0fa8ef3761ea__f1_16__f2_32__dropout_0p4__activation_softmax__seed_43,f1_16__f2_32__dropout_0p4__activation_softmax,43,15,False,NaN,NaN,NaN,NaN
0fa8ef3761ea0bfe263610bc6ef4d6640f16d919dd856270d32640519b8ff7cd,0fa8ef3761ea__f1_16__f2_32__dropout_0p4__activation_softmax__seed_43,f1_16__f2_32__dropout_0p4__activation_softmax,43,16,False,NaN,NaN,NaN,NaN
0fa8ef3761ea0bfe263610bc6ef4d6640f16d919dd856270d32640519b8ff7cd,0fa8ef3761ea__f1_16__f2_32__dropout_0p4__activation_softmax__seed_43,f1_16__f2_32__dropout_0p4__activation_softmax,43,17,False,NaN,NaN,NaN,NaN
0fa8ef3761ea0bfe263610bc6ef4d6640f16d919dd856270d32640519b8ff7cd,0fa8ef3761ea__f1_16__f2_32__dropout_0p4__activation_softmax__seed_43,f1_16__f2_32__dropout_0p4__activation_softmax,43,18,False,NaN,NaN,NaN,NaN
0fa8ef3761ea0bfe263610bc6ef4d6640f16d919dd856270d32640519b8ff7cd,0fa8ef3761ea__f1_16__f2_32__dropout_0p4__activation_softmax__seed_43,f1_16__f2_32__dropout_0p4__activation_softmax,43,19,False,NaN,NaN,NaN,NaN
0fa8ef3761ea0bfe263610bc6ef4d6640f16d919dd856270d32640519b8ff7cd,0fa8ef3761ea__f1_16__f2_32__dropout_0p4__activation_softmax__seed_43,f1_16__f2_32__dropout_0p4__activation_softmax,43,20,False,NaN,NaN,NaN,NaN
0fa8ef3761ea0bfe263610bc6ef4d6640f16d919dd856270d32640519b8ff7cd,0fa8ef3761ea__f1_16__f2_32__dropout_0p4__activation_softmax__seed_43,f1_16__f2_32__dropout_0p4__activation_softmax,43,21,False,NaN,NaN,NaN,NaN
0fa8ef3761ea0bfe263610bc6ef4d6640f16d919dd856270d32640519b8ff7cd,0fa8ef3761ea__f1_16__f2_32__dropout_0p4__activation_softmax__seed_43,f1_16__f2_32__dropout_0p4__activation_softmax,43,22,False,NaN,NaN,NaN,NaN
0fa8ef3761ea0bfe263610bc6ef4d6640f16d919dd856270d32640519b8ff7cd,0fa8ef3761ea__f1_16__f2_32__dropout_0p4__activation_softmax__seed_43,f1_16__f2_32__dropout_0p4__activation_softmax,43,23,False,NaN,NaN,NaN,NaN
0fa8ef3761ea0bfe263610bc6ef4d6640f16d919dd856270d32640519b8ff7cd,0fa8ef3761ea__f1_16__f2_32__dropout_0p4__activation_softmax__seed_43,f1_16__f2_32__dropout_0p4__activation_softmax,43,24,False,NaN,NaN,NaN,NaN
0fa8ef3761ea0bfe263610bc6ef4d6640f16d919dd856270d32640519b8ff7cd,0fa8ef3761ea__f1_16__f2_32__dropout_0p4__activation_softmax__seed_43,f1_16__f2_32__dropout_0p4__activation_softmax,43,25,False,NaN,NaN,NaN,NaN
0fa8ef3761ea0bfe263610bc6ef4d6640f16d919dd856270d32640519b8ff7cd,0fa8ef3761ea__f1_16__f2_32__dropout_0p4__activation_softmax__seed_43,f1_16__f2_32__dropout_0p4__activation_softmax,43,26,False,NaN,NaN,NaN,NaN
0fa8ef3761ea0bfe263610bc6ef4d6640f16d919dd856270d32640519b8ff7cd,0fa8ef3761ea__f1_16__f2_32__dropout_0p4__activation_softmax__seed_43,f1_16__f2_32__dropout_0p4__activation_softmax,43,27,False,NaN,NaN,NaN,NaN
0fa8ef3761ea0bfe263610bc6ef4d6640f16d919dd856270d32640519b8ff7cd,0fa8ef3761ea__f1_16__f2_32__dropout_0p4__activation_softmax__seed_43,f1_16__f2_32__dropout_0p4__activation_softmax,43,28,False,NaN,NaN,NaN,NaN
0fa8ef3761ea0bfe263610bc6ef4d6640f16d919dd856270d32640519b8ff7cd,0fa8ef3761ea__f1_16__f2_32__dropout_0p4__activation_softmax__seed_43,f1_16__f2_32__dropout_0p4__activation_softmax,43,29,False,NaN,NaN,NaN,NaN
0fa8ef3761ea0bfe263610bc6ef4d6640f16d919dd856270d32640519b8ff7cd,0fa8ef3761ea__f1_16__f2_32__dropout_0p4__activation_softmax__seed_43,f1_16__f2_32__dropout_0p4__activation_softmax,43,30,False,NaN,NaN,NaN,NaN
0fa8ef3761ea0bfe263610bc6ef4d6640f16d919dd856270d32640519b8ff7cd,0fa8ef3761ea__f1_16__f2_32__dropout_0p4__activation_softmax__seed_44,f1_16__f2_32__dropout_0p4__activation_softmax,44,1,True,0.9016274213790894,0.3177577257156372,0.6277777552604675,1.6158522367477417
0fa8ef3761ea0bfe263610bc6ef4d6640f16d919dd856270d32640519b8ff7cd,0fa8ef3761ea__f1_16__f2_32__dropout_0p4__activation_softmax__seed_44,f1_16__f2_32__dropout_0p4__activation_softmax,44,2,True,0.9692353010177612,0.09863203018903732,0.9844444394111633,0.05898101627826691
0fa8ef3761ea0bfe263610bc6ef4d6640f16d919dd856270d32640519b8ff7cd,0fa8ef3761ea__f1_16__f2_32__dropout_0p4__activation_softmax__seed_44,f1_16__f2_32__dropout_0p4__activation_softmax,44,3,True,0.978176474571228,0.06978441774845123,0.9854444265365601,0.051234617829322815
0fa8ef3761ea0bfe263610bc6ef4d6640f16d919dd856270d32640519b8ff7cd,0fa8ef3761ea__f1_16__f2_32__dropout_0p4__activation_softmax__seed_44,f1_16__f2_32__dropout_0p4__activation_softmax,44,4,True,0.9811176657676697,0.058243539184331894,0.9879999756813049,0.04317781329154968
0fa8ef3761ea0bfe263610bc6ef4d6640f16d919dd856270d32640519b8ff7cd,0fa8ef3761ea__f1_16__f2_32__dropout_0p4__activation_softmax__seed_44,f1_16__f2_32__dropout_0p4__activation_softmax,44,5,True,0.9847058653831482,0.04856244847178459,0.988777756690979,0.04245232045650482
0fa8ef3761ea0bfe263610bc6ef4d6640f16d919dd856270d32640519b8ff7cd,0fa8ef3761ea__f1_16__f2_32__dropout_0p4__activation_softmax__seed_44,f1_16__f2_32__dropout_0p4__activation_softmax,44,6,True,0.985196053981781,0.043928518891334534,0.9879999756813049,0.042109981179237366
0fa8ef3761ea0bfe263610bc6ef4d6640f16d919dd856270d32640519b8ff7cd,0fa8ef3761ea__f1_16__f2_32__dropout_0p4__activation_softmax__seed_44,f1_16__f2_32__dropout_0p4__activation_softmax,44,7,True,0.9871960878372192,0.03824380040168762,0.9897778034210205,0.03673538938164711
0fa8ef3761ea0bfe263610bc6ef4d6640f16d919dd856270d32640519b8ff7cd,0fa8ef3761ea__f1_16__f2_32__dropout_0p4__activation_softmax__seed_44,f1_16__f2_32__dropout_0p4__activation_softmax,44,8,True,0.9875882267951965,0.03775288164615631,0.9885555505752563,0.04118576645851135
0fa8ef3761ea0bfe263610bc6ef4d6640f16d919dd856270d32640519b8ff7cd,0fa8ef3761ea__f1_16__f2_32__dropout_0p4__activation_softmax__seed_44,f1_16__f2_32__dropout_0p4__activation_softmax,44,9,True,0.9886666536331177,0.0335177443921566,0.9901111125946045,0.03707467392086983
0fa8ef3761ea0bfe263610bc6ef4d6640f16d919dd856270d32640519b8ff7cd,0fa8ef3761ea__f1_16__f2_32__dropout_0p4__activation_softmax__seed_44,f1_16__f2_32__dropout_0p4__activation_softmax,44,10,False,NaN,NaN,NaN,NaN
0fa8ef3761ea0bfe263610bc6ef4d6640f16d919dd856270d32640519b8ff7cd,0fa8ef3761ea__f1_16__f2_32__dropout_0p4__activation_softmax__seed_44,f1_16__f2_32__dropout_0p4__activation_softmax,44,11,False,NaN,NaN,NaN,NaN
0fa8ef3761ea0bfe263610bc6ef4d6640f16d919dd856270d32640519b8ff7cd,0fa8ef3761ea__f1_16__f2_32__dropout_0p4__activation_softmax__seed_44,f1_16__f2_32__dropout_0p4__activation_softmax,44,12,False,NaN,NaN,NaN,NaN
0fa8ef3761ea0bfe263610bc6ef4d6640f16d919dd856270d32640519b8ff7cd,0fa8ef3761ea__f1_16__f2_32__dropout_0p4__activation_softmax__seed_44,f1_16__f2_32__dropout_0p4__activation_softmax,44,13,False,NaN,NaN,NaN,NaN
0fa8ef3761ea0bfe263610bc6ef4d6640f16d919dd856270d32640519b8ff7cd,0fa8ef3761ea__f1_16__f2_32__dropout_0p4__activation_softmax__seed_44,f1_16__f2_32__dropout_0p4__activation_softmax,44,14,False,NaN,NaN,NaN,NaN
0fa8ef3761ea0bfe263610bc6ef4d6640f16d919dd856270d32640519b8ff7cd,0fa8ef3761ea__f1_16__f2_32__dropout_0p4__activation_softmax__seed_44,f1_16__f2_32__dropout_0p4__activation_softmax,44,15,False,NaN,NaN,NaN,NaN
0fa8ef3761ea0bfe263610bc6ef4d6640f16d919dd856270d32640519b8ff7cd,0fa8ef3761ea__f1_16__f2_32__dropout_0p4__activation_softmax__seed_44,f1_16__f2_32__dropout_0p4__activation_softmax,44,16,False,NaN,NaN,NaN,NaN
0fa8ef3761ea0bfe263610bc6ef4d6640f16d919dd856270d32640519b8ff7cd,0fa8ef3761ea__f1_16__f2_32__dropout_0p4__activation_softmax__seed_44,f1_16__f2_32__dropout_0p4__activation_softmax,44,17,False,NaN,NaN,NaN,NaN
0fa8ef3761ea0bfe263610bc6ef4d6640f16d919dd856270d32640519b8ff7cd,0fa8ef3761ea__f1_16__f2_32__dropout_0p4__activation_softmax__seed_44,f1_16__f2_32__dropout_0p4__activation_softmax,44,18,False,NaN,NaN,NaN,NaN
0fa8ef3761ea0bfe263610bc6ef4d6640f16d919dd856270d32640519b8ff7cd,0fa8ef3761ea__f1_16__f2_32__dropout_0p4__activation_softmax__seed_44,f1_16__f2_32__dropout_0p4__activation_softmax,44,19,False,NaN,NaN,NaN,NaN
0fa8ef3761ea0bfe263610bc6ef4d6640f16d919dd856270d32640519b8ff7cd,0fa8ef3761ea__f1_16__f2_32__dropout_0p4__activation_softmax__seed_44,f1_16__f2_32__dropout_0p4__activation_softmax,44,20,False,NaN,NaN,NaN,NaN
0fa8ef3761ea0bfe263610bc6ef4d6640f16d919dd856270d32640519b8ff7cd,0fa8ef3761ea__f1_16__f2_32__dropout_0p4__activation_softmax__seed_44,f1_16__f2_32__dropout_0p4__activation_softmax,44,21,False,NaN,NaN,NaN,NaN
0fa8ef3761ea0bfe263610bc6ef4d6640f16d919dd856270d32640519b8ff7cd,0fa8ef3761ea__f1_16__f2_32__dropout_0p4__activation_softmax__seed_44,f1_16__f2_32__dropout_0p4__activation_softmax,44,22,False,NaN,NaN,NaN,NaN
0fa8ef3761ea0bfe263610bc6ef4d6640f16d919dd856270d32640519b8ff7cd,0fa8ef3761ea__f1_16__f2_32__dropout_0p4__activation_softmax__seed_44,f1_16__f2_32__dropout_0p4__activation_softmax,44,23,False,NaN,NaN,NaN,NaN
0fa8ef3761ea0bfe263610bc6ef4d6640f16d919dd856270d32640519b8ff7cd,0fa8ef3761ea__f1_16__f2_32__dropout_0p4__activation_softmax__seed_44,f1_16__f2_32__dropout_0p4__activation_softmax,44,24,False,NaN,NaN,NaN,NaN
0fa8ef3761ea0bfe263610bc6ef4d6640f16d919dd856270d32640519b8ff7cd,0fa8ef3761ea__f1_16__f2_32__dropout_0p4__activation_softmax__seed_44,f1_16__f2_32__dropout_0p4__activation_softmax,44,25,False,NaN,NaN,NaN,NaN
0fa8ef3761ea0bfe263610bc6ef4d6640f16d919dd856270d32640519b8ff7cd,0fa8ef3761ea__f1_16__f2_32__dropout_0p4__activation_softmax__seed_44,f1_16__f2_32__dropout_0p4__activation_softmax,44,26,False,NaN,NaN,NaN,NaN
0fa8ef3761ea0bfe263610bc6ef4d6640f16d919dd856270d32640519b8ff7cd,0fa8ef3761ea__f1_16__f2_32__dropout_0p4__activation_softmax__seed_44,f1_16__f2_32__dropout_0p4__activation_softmax,44,27,False,NaN,NaN,NaN,NaN
0fa8ef3761ea0bfe263610bc6ef4d6640f16d919dd856270d32640519b8ff7cd,0fa8ef3761ea__f1_16__f2_32__dropout_0p4__activation_softmax__seed_44,f1_16__f2_32__dropout_0p4__activation_softmax,44,28,False,NaN,NaN,NaN,NaN
0fa8ef3761ea0bfe263610bc6ef4d6640f16d919dd856270d32640519b8ff7cd,0fa8ef3761ea__f1_16__f2_32__dropout_0p4__activation_softmax__seed_44,f1_16__f2_32__dropout_0p4__activation_softmax,44,29,False,NaN,NaN,NaN,NaN
0fa8ef3761ea0bfe263610bc6ef4d6640f16d919dd856270d32640519b8ff7cd,0fa8ef3761ea__f1_16__f2_32__dropout_0p4__activation_softmax__seed_44,f1_16__f2_32__dropout_0p4__activation_softmax,44,30,False,NaN,NaN,NaN,NaN
0fa8ef3761ea0bfe263610bc6ef4d6640f16d919dd856270d32640519b8ff7cd,0fa8ef3761ea__f1_16__f2_32__dropout_0p4__activation_softmax__seed_45,f1_16__f2_32__dropout_0p4__activation_softmax,45,1,True,0.9032549262046814,0.3080828785896301,0.558555543422699,1.6594971418380737
0fa8ef3761ea0bfe263610bc6ef4d6640f16d919dd856270d32640519b8ff7cd,0fa8ef3761ea__f1_16__f2_32__dropout_0p4__activation_softmax__seed_45,f1_16__f2_32__dropout_0p4__activation_softmax,45,2,True,0.9696078300476074,0.09901661425828934,0.9821110963821411,0.062444742769002914
0fa8ef3761ea0bfe263610bc6ef4d6640f16d919dd856270d32640519b8ff7cd,0fa8ef3761ea__f1_16__f2_32__dropout_0p4__activation_softmax__seed_45,f1_16__f2_32__dropout_0p4__activation_softmax,45,3,True,0.9777843356132507,0.07105044275522232,0.9869999885559082,0.04819466546177864
0fa8ef3761ea0bfe263610bc6ef4d6640f16d919dd856270d32640519b8ff7cd,0fa8ef3761ea__f1_16__f2_32__dropout_0p4__activation_softmax__seed_45,f1_16__f2_32__dropout_0p4__activation_softmax,45,4,True,0.9821764826774597,0.05839746445417404,0.987333357334137,0.04548900946974754
0fa8ef3761ea0bfe263610bc6ef4d6640f16d919dd856270d32640519b8ff7cd,0fa8ef3761ea__f1_16__f2_32__dropout_0p4__activation_softmax__seed_45,f1_16__f2_32__dropout_0p4__activation_softmax,45,5,True,0.9848431348800659,0.04860614240169525,0.987333357334137,0.045512836426496506
0fa8ef3761ea0bfe263610bc6ef4d6640f16d919dd856270d32640519b8ff7cd,0fa8ef3761ea__f1_16__f2_32__dropout_0p4__activation_softmax__seed_45,f1_16__f2_32__dropout_0p4__activation_softmax,45,6,True,0.9860000014305115,0.04428697004914284,0.9904444217681885,0.0415119044482708
0fa8ef3761ea0bfe263610bc6ef4d6640f16d919dd856270d32640519b8ff7cd,0fa8ef3761ea__f1_16__f2_32__dropout_0p4__activation_softmax__seed_45,f1_16__f2_32__dropout_0p4__activation_softmax,45,7,True,0.9866078495979309,0.0420328713953495,0.9894444346427917,0.04233364388346672
0fa8ef3761ea0bfe263610bc6ef4d6640f16d919dd856270d32640519b8ff7cd,0fa8ef3761ea__f1_16__f2_32__dropout_0p4__activation_softmax__seed_45,f1_16__f2_32__dropout_0p4__activation_softmax,45,8,True,0.986823558807373,0.038855791091918945,0.9902222156524658,0.0386308990418911
0fa8ef3761ea0bfe263610bc6ef4d6640f16d919dd856270d32640519b8ff7cd,0fa8ef3761ea__f1_16__f2_32__dropout_0p4__activation_softmax__seed_45,f1_16__f2_32__dropout_0p4__activation_softmax,45,9,True,0.9893725514411926,0.03320438414812088,0.9906666874885559,0.0378384105861187
0fa8ef3761ea0bfe263610bc6ef4d6640f16d919dd856270d32640519b8ff7cd,0fa8ef3761ea__f1_16__f2_32__dropout_0p4__activation_softmax__seed_45,f1_16__f2_32__dropout_0p4__activation_softmax,45,10,True,0.9890980124473572,0.03326324000954628,0.9909999966621399,0.03523993492126465
0fa8ef3761ea0bfe263610bc6ef4d6640f16d919dd856270d32640519b8ff7cd,0fa8ef3761ea__f1_16__f2_32__dropout_0p4__activation_softmax__seed_45,f1_16__f2_32__dropout_0p4__activation_softmax,45,11,True,0.9895882606506348,0.0322444774210453,0.9907777905464172,0.034928180277347565
0fa8ef3761ea0bfe263610bc6ef4d6640f16d919dd856270d32640519b8ff7cd,0fa8ef3761ea__f1_16__f2_32__dropout_0p4__activation_softmax__seed_45,f1_16__f2_32__dropout_0p4__activation_softmax,45,12,True,0.990490198135376,0.03071041963994503,0.9913333058357239,0.03509709611535072
0fa8ef3761ea0bfe263610bc6ef4d6640f16d919dd856270d32640519b8ff7cd,0fa8ef3761ea__f1_16__f2_32__dropout_0p4__activation_softmax__seed_45,f1_16__f2_32__dropout_0p4__activation_softmax,45,13,True,0.9898823499679565,0.030162058770656586,0.9903333187103271,0.0392121821641922
0fa8ef3761ea0bfe263610bc6ef4d6640f16d919dd856270d32640519b8ff7cd,0fa8ef3761ea__f1_16__f2_32__dropout_0p4__activation_softmax__seed_45,f1_16__f2_32__dropout_0p4__activation_softmax,45,14,False,NaN,NaN,NaN,NaN
0fa8ef3761ea0bfe263610bc6ef4d6640f16d919dd856270d32640519b8ff7cd,0fa8ef3761ea__f1_16__f2_32__dropout_0p4__activation_softmax__seed_45,f1_16__f2_32__dropout_0p4__activation_softmax,45,15,False,NaN,NaN,NaN,NaN
0fa8ef3761ea0bfe263610bc6ef4d6640f16d919dd856270d32640519b8ff7cd,0fa8ef3761ea__f1_16__f2_32__dropout_0p4__activation_softmax__seed_45,f1_16__f2_32__dropout_0p4__activation_softmax,45,16,False,NaN,NaN,NaN,NaN
0fa8ef3761ea0bfe263610bc6ef4d6640f16d919dd856270d32640519b8ff7cd,0fa8ef3761ea__f1_16__f2_32__dropout_0p4__activation_softmax__seed_45,f1_16__f2_32__dropout_0p4__activation_softmax,45,17,False,NaN,NaN,NaN,NaN
0fa8ef3761ea0bfe263610bc6ef4d6640f16d919dd856270d32640519b8ff7cd,0fa8ef3761ea__f1_16__f2_32__dropout_0p4__activation_softmax__seed_45,f1_16__f2_32__dropout_0p4__activation_softmax,45,18,False,NaN,NaN,NaN,NaN
0fa8ef3761ea0bfe263610bc6ef4d6640f16d919dd856270d32640519b8ff7cd,0fa8ef3761ea__f1_16__f2_32__dropout_0p4__activation_softmax__seed_45,f1_16__f2_32__dropout_0p4__activation_softmax,45,19,False,NaN,NaN,NaN,NaN
0fa8ef3761ea0bfe263610bc6ef4d6640f16d919dd856270d32640519b8ff7cd,0fa8ef3761ea__f1_16__f2_32__dropout_0p4__activation_softmax__seed_45,f1_16__f2_32__dropout_0p4__activation_softmax,45,20,False,NaN,NaN,NaN,NaN
0fa8ef3761ea0bfe263610bc6ef4d6640f16d919dd856270d32640519b8ff7cd,0fa8ef3761ea__f1_16__f2_32__dropout_0p4__activation_softmax__seed_45,f1_16__f2_32__dropout_0p4__activation_softmax,45,21,False,NaN,NaN,NaN,NaN
0fa8ef3761ea0bfe263610bc6ef4d6640f16d919dd856270d32640519b8ff7cd,0fa8ef3761ea__f1_16__f2_32__dropout_0p4__activation_softmax__seed_45,f1_16__f2_32__dropout_0p4__activation_softmax,45,22,False,NaN,NaN,NaN,NaN
0fa8ef3761ea0bfe263610bc6ef4d6640f16d919dd856270d32640519b8ff7cd,0fa8ef3761ea__f1_16__f2_32__dropout_0p4__activation_softmax__seed_45,f1_16__f2_32__dropout_0p4__activation_softmax,45,23,False,NaN,NaN,NaN,NaN
0fa8ef3761ea0bfe263610bc6ef4d6640f16d919dd856270d32640519b8ff7cd,0fa8ef3761ea__f1_16__f2_32__dropout_0p4__activation_softmax__seed_45,f1_16__f2_32__dropout_0p4__activation_softmax,45,24,False,NaN,NaN,NaN,NaN
0fa8ef3761ea0bfe263610bc6ef4d6640f16d919dd856270d32640519b8ff7cd,0fa8ef3761ea__f1_16__f2_32__dropout_0p4__activation_softmax__seed_45,f1_16__f2_32__dropout_0p4__activation_softmax,45,25,False,NaN,NaN,NaN,NaN
0fa8ef3761ea0bfe263610bc6ef4d6640f16d919dd856270d32640519b8ff7cd,0fa8ef3761ea__f1_16__f2_32__dropout_0p4__activation_softmax__seed_45,f1_16__f2_32__dropout_0p4__activation_softmax,45,26,False,NaN,NaN,NaN,NaN
0fa8ef3761ea0bfe263610bc6ef4d6640f16d919dd856270d32640519b8ff7cd,0fa8ef3761ea__f1_16__f2_32__dropout_0p4__activation_softmax__seed_45,f1_16__f2_32__dropout_0p4__activation_softmax,45,27,False,NaN,NaN,NaN,NaN
0fa8ef3761ea0bfe263610bc6ef4d6640f16d919dd856270d32640519b8ff7cd,0fa8ef3761ea__f1_16__f2_32__dropout_0p4__activation_softmax__seed_45,f1_16__f2_32__dropout_0p4__activation_softmax,45,28,False,NaN,NaN,NaN,NaN
0fa8ef3761ea0bfe263610bc6ef4d6640f16d919dd856270d32640519b8ff7cd,0fa8ef3761ea__f1_16__f2_32__dropout_0p4__activation_softmax__seed_45,f1_16__f2_32__dropout_0p4__activation_softmax,45,29,False,NaN,NaN,NaN,NaN
0fa8ef3761ea0bfe263610bc6ef4d6640f16d919dd856270d32640519b8ff7cd,0fa8ef3761ea__f1_16__f2_32__dropout_0p4__activation_softmax__seed_45,f1_16__f2_32__dropout_0p4__activation_softmax,45,30,False,NaN,NaN,NaN,NaN
0fa8ef3761ea0bfe263610bc6ef4d6640f16d919dd856270d32640519b8ff7cd,0fa8ef3761ea__f1_16__f2_32__dropout_0p4__activation_softmax__seed_46,f1_16__f2_32__dropout_0p4__activation_softmax,46,1,True,0.9076666831970215,0.2977219223976135,0.7480000257492065,1.591127872467041
0fa8ef3761ea0bfe263610bc6ef4d6640f16d919dd856270d32640519b8ff7cd,0fa8ef3761ea__f1_16__f2_32__dropout_0p4__activation_softmax__seed_46,f1_16__f2_32__dropout_0p4__activation_softmax,46,2,True,0.9703529477119446,0.09505799412727356,0.9856666922569275,0.053572192788124084
0fa8ef3761ea0bfe263610bc6ef4d6640f16d919dd856270d32640519b8ff7cd,0fa8ef3761ea__f1_16__f2_32__dropout_0p4__activation_softmax__seed_46,f1_16__f2_32__dropout_0p4__activation_softmax,46,3,True,0.9790784120559692,0.06768924742937088,0.9862222075462341,0.04940025880932808
0fa8ef3761ea0bfe263610bc6ef4d6640f16d919dd856270d32640519b8ff7cd,0fa8ef3761ea__f1_16__f2_32__dropout_0p4__activation_softmax__seed_46,f1_16__f2_32__dropout_0p4__activation_softmax,46,4,True,0.9822941422462463,0.055263303220272064,0.9893333315849304,0.04147956147789955
0fa8ef3761ea0bfe263610bc6ef4d6640f16d919dd856270d32640519b8ff7cd,0fa8ef3761ea__f1_16__f2_32__dropout_0p4__activation_softmax__seed_46,f1_16__f2_32__dropout_0p4__activation_softmax,46,5,True,0.9845098257064819,0.048175033181905746,0.9878888726234436,0.04532875120639801
0fa8ef3761ea0bfe263610bc6ef4d6640f16d919dd856270d32640519b8ff7cd,0fa8ef3761ea__f1_16__f2_32__dropout_0p4__activation_softmax__seed_46,f1_16__f2_32__dropout_0p4__activation_softmax,46,6,True,0.9856666922569275,0.04405563697218895,0.9892222285270691,0.04072914272546768
0fa8ef3761ea0bfe263610bc6ef4d6640f16d919dd856270d32640519b8ff7cd,0fa8ef3761ea__f1_16__f2_32__dropout_0p4__activation_softmax__seed_46,f1_16__f2_32__dropout_0p4__activation_softmax,46,7,True,0.987333357334137,0.039265017956495285,0.9895555377006531,0.03992293030023575
0fa8ef3761ea0bfe263610bc6ef4d6640f16d919dd856270d32640519b8ff7cd,0fa8ef3761ea__f1_16__f2_32__dropout_0p4__activation_softmax__seed_46,f1_16__f2_32__dropout_0p4__activation_softmax,46,8,True,0.9875686168670654,0.03722520172595978,0.988111138343811,0.046048279851675034
0fa8ef3761ea0bfe263610bc6ef4d6640f16d919dd856270d32640519b8ff7cd,0fa8ef3761ea__f1_16__f2_32__dropout_0p4__activation_softmax__seed_46,f1_16__f2_32__dropout_0p4__activation_softmax,46,9,True,0.9891568422317505,0.03221553564071655,0.9886666536331177,0.04459379240870476
0fa8ef3761ea0bfe263610bc6ef4d6640f16d919dd856270d32640519b8ff7cd,0fa8ef3761ea__f1_16__f2_32__dropout_0p4__activation_softmax__seed_46,f1_16__f2_32__dropout_0p4__activation_softmax,46,10,False,NaN,NaN,NaN,NaN
0fa8ef3761ea0bfe263610bc6ef4d6640f16d919dd856270d32640519b8ff7cd,0fa8ef3761ea__f1_16__f2_32__dropout_0p4__activation_softmax__seed_46,f1_16__f2_32__dropout_0p4__activation_softmax,46,11,False,NaN,NaN,NaN,NaN
0fa8ef3761ea0bfe263610bc6ef4d6640f16d919dd856270d32640519b8ff7cd,0fa8ef3761ea__f1_16__f2_32__dropout_0p4__activation_softmax__seed_46,f1_16__f2_32__dropout_0p4__activation_softmax,46,12,False,NaN,NaN,NaN,NaN
0fa8ef3761ea0bfe263610bc6ef4d6640f16d919dd856270d32640519b8ff7cd,0fa8ef3761ea__f1_16__f2_32__dropout_0p4__activation_softmax__seed_46,f1_16__f2_32__dropout_0p4__activation_softmax,46,13,False,NaN,NaN,NaN,NaN
0fa8ef3761ea0bfe263610bc6ef4d6640f16d919dd856270d32640519b8ff7cd,0fa8ef3761ea__f1_16__f2_32__dropout_0p4__activation_softmax__seed_46,f1_16__f2_32__dropout_0p4__activation_softmax,46,14,False,NaN,NaN,NaN,NaN
0fa8ef3761ea0bfe263610bc6ef4d6640f16d919dd856270d32640519b8ff7cd,0fa8ef3761ea__f1_16__f2_32__dropout_0p4__activation_softmax__seed_46,f1_16__f2_32__dropout_0p4__activation_softmax,46,15,False,NaN,NaN,NaN,NaN
0fa8ef3761ea0bfe263610bc6ef4d6640f16d919dd856270d32640519b8ff7cd,0fa8ef3761ea__f1_16__f2_32__dropout_0p4__activation_softmax__seed_46,f1_16__f2_32__dropout_0p4__activation_softmax,46,16,False,NaN,NaN,NaN,NaN
0fa8ef3761ea0bfe263610bc6ef4d6640f16d919dd856270d32640519b8ff7cd,0fa8ef3761ea__f1_16__f2_32__dropout_0p4__activation_softmax__seed_46,f1_16__f2_32__dropout_0p4__activation_softmax,46,17,False,NaN,NaN,NaN,NaN
0fa8ef3761ea0bfe263610bc6ef4d6640f16d919dd856270d32640519b8ff7cd,0fa8ef3761ea__f1_16__f2_32__dropout_0p4__activation_softmax__seed_46,f1_16__f2_32__dropout_0p4__activation_softmax,46,18,False,NaN,NaN,NaN,NaN
0fa8ef3761ea0bfe263610bc6ef4d6640f16d919dd856270d32640519b8ff7cd,0fa8ef3761ea__f1_16__f2_32__dropout_0p4__activation_softmax__seed_46,f1_16__f2_32__dropout_0p4__activation_softmax,46,19,False,NaN,NaN,NaN,NaN
0fa8ef3761ea0bfe263610bc6ef4d6640f16d919dd856270d32640519b8ff7cd,0fa8ef3761ea__f1_16__f2_32__dropout_0p4__activation_softmax__seed_46,f1_16__f2_32__dropout_0p4__activation_softmax,46,20,False,NaN,NaN,NaN,NaN
0fa8ef3761ea0bfe263610bc6ef4d6640f16d919dd856270d32640519b8ff7cd,0fa8ef3761ea__f1_16__f2_32__dropout_0p4__activation_softmax__seed_46,f1_16__f2_32__dropout_0p4__activation_softmax,46,21,False,NaN,NaN,NaN,NaN
0fa8ef3761ea0bfe263610bc6ef4d6640f16d919dd856270d32640519b8ff7cd,0fa8ef3761ea__f1_16__f2_32__dropout_0p4__activation_softmax__seed_46,f1_16__f2_32__dropout_0p4__activation_softmax,46,22,False,NaN,NaN,NaN,NaN
0fa8ef3761ea0bfe263610bc6ef4d6640f16d919dd856270d32640519b8ff7cd,0fa8ef3761ea__f1_16__f2_32__dropout_0p4__activation_softmax__seed_46,f1_16__f2_32__dropout_0p4__activation_softmax,46,23,False,NaN,NaN,NaN,NaN
0fa8ef3761ea0bfe263610bc6ef4d6640f16d919dd856270d32640519b8ff7cd,0fa8ef3761ea__f1_16__f2_32__dropout_0p4__activation_softmax__seed_46,f1_16__f2_32__dropout_0p4__activation_softmax,46,24,False,NaN,NaN,NaN,NaN
0fa8ef3761ea0bfe263610bc6ef4d6640f16d919dd856270d32640519b8ff7cd,0fa8ef3761ea__f1_16__f2_32__dropout_0p4__activation_softmax__seed_46,f1_16__f2_32__dropout_0p4__activation_softmax,46,25,False,NaN,NaN,NaN,NaN
0fa8ef3761ea0bfe263610bc6ef4d6640f16d919dd856270d32640519b8ff7cd,0fa8ef3761ea__f1_16__f2_32__dropout_0p4__activation_softmax__seed_46,f1_16__f2_32__dropout_0p4__activation_softmax,46,26,False,NaN,NaN,NaN,NaN
0fa8ef3761ea0bfe263610bc6ef4d6640f16d919dd856270d32640519b8ff7cd,0fa8ef3761ea__f1_16__f2_32__dropout_0p4__activation_softmax__seed_46,f1_16__f2_32__dropout_0p4__activation_softmax,46,27,False,NaN,NaN,NaN,NaN
0fa8ef3761ea0bfe263610bc6ef4d6640f16d919dd856270d32640519b8ff7cd,0fa8ef3761ea__f1_16__f2_32__dropout_0p4__activation_softmax__seed_46,f1_16__f2_32__dropout_0p4__activation_softmax,46,28,False,NaN,NaN,NaN,NaN
0fa8ef3761ea0bfe263610bc6ef4d6640f16d919dd856270d32640519b8ff7cd,0fa8ef3761ea__f1_16__f2_32__dropout_0p4__activation_softmax__seed_46,f1_16__f2_32__dropout_0p4__activation_softmax,46,29,False,NaN,NaN,NaN,NaN
0fa8ef3761ea0bfe263610bc6ef4d6640f16d919dd856270d32640519b8ff7cd,0fa8ef3761ea__f1_16__f2_32__dropout_0p4__activation_softmax__seed_46,f1_16__f2_32__dropout_0p4__activation_softmax,46,30,False,NaN,NaN,NaN,NaN
