protocol_id,experiment_name,run_id,config_id,model_mode,filter_1,filter_2,kernel_1,kernel_2,activation_conv,dropout,seed,repetition,runs_requested_for_config,split_seed,epochs_requested,epochs_completed,best_epoch,batch_size,learning_rate,train_samples,validation_samples,test_samples,model_parameters,best_train_accuracy,best_val_accuracy,best_val_loss,test_accuracy,test_loss,duration_seconds,status,error_type,error_message,completed_at_utc
0fa8ef3761ea0bfe263610bc6ef4d6640f16d919dd856270d32640519b8ff7cd,comparaison_relu_softmax_16_32,0fa8ef3761ea__f1_16__f2_32__dropout_0p4__activation_relu__seed_42,f1_16__f2_32__dropout_0p4__activation_relu,cnn_2conv_parametrique,16,32,5,5,relu,0.4,42,1,5,2026,30,9,7,128,0.001,51000,9000,10000,18570,0.9884313941001892,0.9904444217681885,0.03794681280851364,0.9911999702453613,0.028531042858958244,50.411,success,NaN,NaN,2026-08-11T04:36:34+00:00
0fa8ef3761ea0bfe263610bc6ef4d6640f16d919dd856270d32640519b8ff7cd,comparaison_relu_softmax_16_32,0fa8ef3761ea__f1_16__f2_32__dropout_0p4__activation_relu__seed_43,f1_16__f2_32__dropout_0p4__activation_relu,cnn_2conv_parametrique,16,32,5,5,relu,0.4,43,2,5,2026,30,11,9,128,0.001,51000,9000,10000,18570,0.9896666407585144,0.9908888936042786,0.03598390147089958,0.9904000163078308,0.030514873564243317,58.475,success,NaN,NaN,2026-08-11T04:37:32+00:00
0fa8ef3761ea0bfe263610bc6ef4d6640f16d919dd856270d32640519b8ff7cd,comparaison_relu_softmax_16_32,0fa8ef3761ea__f1_16__f2_32__dropout_0p4__activation_relu__seed_44,f1_16__f2_32__dropout_0p4__activation_relu,cnn_2conv_parametrique,16,32,5,5,relu,0.4,44,3,5,2026,30,7,5,128,0.001,51000,9000,10000,18570,0.9842156767845154,0.9882222414016724,0.0414673313498497,0.9889000058174133,0.031219353899359703,38.893,success,NaN,NaN,2026-08-11T04:38:11+00:00
0fa8ef3761ea0bfe263610bc6ef4d6640f16d919dd856270d32640519b8ff7cd,comparaison_relu_softmax_16_32,0fa8ef3761ea__f1_16__f2_32__dropout_0p4__activation_relu__seed_45,f1_16__f2_32__dropout_0p4__activation_relu,cnn_2conv_parametrique,16,32,5,5,relu,0.4,45,4,5,2026,30,13,11,128,0.001,51000,9000,10000,18570,0.9905098080635071,0.9924444556236267,0.03325711190700531,0.9930999875068665,0.025749480351805687,68.043,success,NaN,NaN,2026-08-11T04:39:19+00:00
0fa8ef3761ea0bfe263610bc6ef4d6640f16d919dd856270d32640519b8ff7cd,comparaison_relu_softmax_16_32,0fa8ef3761ea__f1_16__f2_32__dropout_0p4__activation_relu__seed_46,f1_16__f2_32__dropout_0p4__activation_relu,cnn_2conv_parametrique,16,32,5,5,relu,0.4,46,5,5,2026,30,8,6,128,0.001,51000,9000,10000,18570,0.9865097999572754,0.988111138343811,0.0436072014272213,0.9887999892234802,0.031436990946531296,41.492,success,NaN,NaN,2026-08-11T04:40:01+00:00
0fa8ef3761ea0bfe263610bc6ef4d6640f16d919dd856270d32640519b8ff7cd,comparaison_relu_softmax_16_32,0fa8ef3761ea__f1_16__f2_32__dropout_0p4__activation_softmax__seed_42,f1_16__f2_32__dropout_0p4__activation_softmax,cnn_2conv_parametrique,16,32,5,5,softmax,0.4,42,1,5,2026,30,11,9,128,0.001,51000,9000,10000,18570,0.9897254705429077,0.99144446849823,0.03278828039765358,0.9919999837875366,0.025177428498864174,59.511,success,NaN,NaN,2026-08-11T04:41:00+00:00
0fa8ef3761ea0bfe263610bc6ef4d6640f16d919dd856270d32640519b8ff7cd,comparaison_relu_softmax_16_32,0fa8ef3761ea__f1_16__f2_32__dropout_0p4__activation_softmax__seed_43,f1_16__f2_32__dropout_0p4__activation_softmax,cnn_2conv_parametrique,16,32,5,5,softmax,0.4,43,2,5,2026,30,14,12,128,0.001,51000,9000,10000,18570,0.9908431172370911,0.9903333187103271,0.034687742590904236,0.9925000071525574,0.025895755738019943,74.822,success,NaN,NaN,2026-08-11T04:42:15+00:00
0fa8ef3761ea0bfe263610bc6ef4d6640f16d919dd856270d32640519b8ff7cd,comparaison_relu_softmax_16_32,0fa8ef3761ea__f1_16__f2_32__dropout_0p4__activation_softmax__seed_44,f1_16__f2_32__dropout_0p4__activation_softmax,cnn_2conv_parametrique,16,32,5,5,softmax,0.4,44,3,5,2026,30,9,7,128,0.001,51000,9000,10000,18570,0.9871960878372192,0.9897778034210205,0.03673538938164711,0.9921000003814697,0.024345243349671364,48.046,success,NaN,NaN,2026-08-11T04:43:03+00:00
0fa8ef3761ea0bfe263610bc6ef4d6640f16d919dd856270d32640519b8ff7cd,comparaison_relu_softmax_16_32,0fa8ef3761ea__f1_16__f2_32__dropout_0p4__activation_softmax__seed_45,f1_16__f2_32__dropout_0p4__activation_softmax,cnn_2conv_parametrique,16,32,5,5,softmax,0.4,45,4,5,2026,30,13,11,128,0.001,51000,9000,10000,18570,0.9895882606506348,0.9907777905464172,0.034928180277347565,0.9919000267982483,0.02327769249677658,69.657,success,NaN,NaN,2026-08-11T04:44:13+00:00
0fa8ef3761ea0bfe263610bc6ef4d6640f16d919dd856270d32640519b8ff7cd,comparaison_relu_softmax_16_32,0fa8ef3761ea__f1_16__f2_32__dropout_0p4__activation_softmax__seed_46,f1_16__f2_32__dropout_0p4__activation_softmax,cnn_2conv_parametrique,16,32,5,5,softmax,0.4,46,5,5,2026,30,9,7,128,0.001,51000,9000,10000,18570,0.987333357334137,0.9895555377006531,0.03992293030023575,0.9912999868392944,0.02708195149898529,48.582,success,NaN,NaN,2026-08-11T04:45:02+00:00
