date_iso;experience;execution;dossier_execution;image_source;modele;chemin_modele;numero;x;y;largeur;hauteur;chiffre_reel;origine_chiffre_reel;prediction;confiance;correct;planche_qc;matrice_0_1;image_28_gris;probabilite_0;probabilite_1;probabilite_2;probabilite_3;probabilite_4;probabilite_5;probabilite_6;probabilite_7;probabilite_8;probabilite_9
2026-09-05T15:42:50.841587+02:00;image_reelle_9_Best_relu_cascade_V2;2026-09-05_15-42-50;/Users/arthurperret/Library/Mobile Documents/com~apple~CloudDocs/Dev/Travaille-de-maturit-/resultats/photos_terrain/image_reelle_9/2026-09-05_15-42-50;/Users/arthurperret/Library/Mobile Documents/com~apple~CloudDocs/Dev/Travaille-de-maturit-/donnees/brutes/terrain/historiques/image_reelle_9.JPG;Best_relu_cascade_V2;/Users/arthurperret/Library/Mobile Documents/com~apple~CloudDocs/Dev/Travaille-de-maturit-/modeles/actifs/Best_relu_cascade_V2/best_model.keras;1;183;414;174;338;9;argument_cli;9;0.99305320;1;02_pretraitement/chiffre_001/planche_controle_qualite.png;02_pretraitement/chiffre_001/04_matrice_28x28_0_1.csv;02_pretraitement/chiffre_001/02_entree_modele_28x28_gris.png;0.00000038;0.00000065;0.00000004;0.00044958;0.00421716;0.00226764;0.00000000;0.00000048;0.00001086;0.99305320
2026-09-05T15:42:50.841587+02:00;image_reelle_9_Best_relu_cascade_V2;2026-09-05_15-42-50;/Users/arthurperret/Library/Mobile Documents/com~apple~CloudDocs/Dev/Travaille-de-maturit-/resultats/photos_terrain/image_reelle_9/2026-09-05_15-42-50;/Users/arthurperret/Library/Mobile Documents/com~apple~CloudDocs/Dev/Travaille-de-maturit-/donnees/brutes/terrain/historiques/image_reelle_9.JPG;Best_relu_cascade_V2;/Users/arthurperret/Library/Mobile Documents/com~apple~CloudDocs/Dev/Travaille-de-maturit-/modeles/actifs/Best_relu_cascade_V2/best_model.keras;2;965;446;170;301;9;argument_cli;9;0.99816716;1;02_pretraitement/chiffre_002/planche_controle_qualite.png;02_pretraitement/chiffre_002/04_matrice_28x28_0_1.csv;02_pretraitement/chiffre_002/02_entree_modele_28x28_gris.png;0.00002602;0.00000000;0.00000005;0.00058517;0.00048531;0.00035079;0.00000001;0.00000000;0.00038541;0.99816716
2026-09-05T15:42:50.841587+02:00;image_reelle_9_Best_relu_cascade_V2;2026-09-05_15-42-50;/Users/arthurperret/Library/Mobile Documents/com~apple~CloudDocs/Dev/Travaille-de-maturit-/resultats/photos_terrain/image_reelle_9/2026-09-05_15-42-50;/Users/arthurperret/Library/Mobile Documents/com~apple~CloudDocs/Dev/Travaille-de-maturit-/donnees/brutes/terrain/historiques/image_reelle_9.JPG;Best_relu_cascade_V2;/Users/arthurperret/Library/Mobile Documents/com~apple~CloudDocs/Dev/Travaille-de-maturit-/modeles/actifs/Best_relu_cascade_V2/best_model.keras;3;1599;650;160;281;9;argument_cli;9;0.99306273;1;02_pretraitement/chiffre_003/planche_controle_qualite.png;02_pretraitement/chiffre_003/04_matrice_28x28_0_1.csv;02_pretraitement/chiffre_003/02_entree_modele_28x28_gris.png;0.00002261;0.00000059;0.00000103;0.00396128;0.00011925;0.00277921;0.00000000;0.00000004;0.00005332;0.99306273
2026-09-05T15:42:50.841587+02:00;image_reelle_9_Best_relu_cascade_V2;2026-09-05_15-42-50;/Users/arthurperret/Library/Mobile Documents/com~apple~CloudDocs/Dev/Travaille-de-maturit-/resultats/photos_terrain/image_reelle_9/2026-09-05_15-42-50;/Users/arthurperret/Library/Mobile Documents/com~apple~CloudDocs/Dev/Travaille-de-maturit-/donnees/brutes/terrain/historiques/image_reelle_9.JPG;Best_relu_cascade_V2;/Users/arthurperret/Library/Mobile Documents/com~apple~CloudDocs/Dev/Travaille-de-maturit-/modeles/actifs/Best_relu_cascade_V2/best_model.keras;4;303;1082;183;301;9;argument_cli;9;0.97645068;1;02_pretraitement/chiffre_004/planche_controle_qualite.png;02_pretraitement/chiffre_004/04_matrice_28x28_0_1.csv;02_pretraitement/chiffre_004/02_entree_modele_28x28_gris.png;0.00020413;0.00000001;0.00000017;0.00016329;0.00048274;0.00141098;0.00000643;0.00000000;0.02128149;0.97645068
2026-09-05T15:42:50.841587+02:00;image_reelle_9_Best_relu_cascade_V2;2026-09-05_15-42-50;/Users/arthurperret/Library/Mobile Documents/com~apple~CloudDocs/Dev/Travaille-de-maturit-/resultats/photos_terrain/image_reelle_9/2026-09-05_15-42-50;/Users/arthurperret/Library/Mobile Documents/com~apple~CloudDocs/Dev/Travaille-de-maturit-/donnees/brutes/terrain/historiques/image_reelle_9.JPG;Best_relu_cascade_V2;/Users/arthurperret/Library/Mobile Documents/com~apple~CloudDocs/Dev/Travaille-de-maturit-/modeles/actifs/Best_relu_cascade_V2/best_model.keras;5;975;1408;246;418;9;argument_cli;3;0.84063804;0;02_pretraitement/chiffre_005/planche_controle_qualite.png;02_pretraitement/chiffre_005/04_matrice_28x28_0_1.csv;02_pretraitement/chiffre_005/02_entree_modele_28x28_gris.png;0.00000330;0.14040944;0.00581260;0.84063804;0.00000030;0.01031648;0.00000003;0.00124738;0.00001810;0.00155439
2026-09-05T15:42:50.841587+02:00;image_reelle_9_Best_relu_cascade_V2;2026-09-05_15-42-50;/Users/arthurperret/Library/Mobile Documents/com~apple~CloudDocs/Dev/Travaille-de-maturit-/resultats/photos_terrain/image_reelle_9/2026-09-05_15-42-50;/Users/arthurperret/Library/Mobile Documents/com~apple~CloudDocs/Dev/Travaille-de-maturit-/donnees/brutes/terrain/historiques/image_reelle_9.JPG;Best_relu_cascade_V2;/Users/arthurperret/Library/Mobile Documents/com~apple~CloudDocs/Dev/Travaille-de-maturit-/modeles/actifs/Best_relu_cascade_V2/best_model.keras;6;1801;1599;163;352;9;argument_cli;1;0.54026645;0;02_pretraitement/chiffre_006/planche_controle_qualite.png;02_pretraitement/chiffre_006/04_matrice_28x28_0_1.csv;02_pretraitement/chiffre_006/02_entree_modele_28x28_gris.png;0.00000659;0.54026645;0.01361419;0.43491524;0.00000627;0.00010145;0.00000005;0.00973353;0.00001043;0.00134574
2026-09-05T15:42:50.841587+02:00;image_reelle_9_Best_relu_cascade_V2;2026-09-05_15-42-50;/Users/arthurperret/Library/Mobile Documents/com~apple~CloudDocs/Dev/Travaille-de-maturit-/resultats/photos_terrain/image_reelle_9/2026-09-05_15-42-50;/Users/arthurperret/Library/Mobile Documents/com~apple~CloudDocs/Dev/Travaille-de-maturit-/donnees/brutes/terrain/historiques/image_reelle_9.JPG;Best_relu_cascade_V2;/Users/arthurperret/Library/Mobile Documents/com~apple~CloudDocs/Dev/Travaille-de-maturit-/modeles/actifs/Best_relu_cascade_V2/best_model.keras;7;2309;1969;296;558;9;argument_cli;9;0.79817265;1;02_pretraitement/chiffre_007/planche_controle_qualite.png;02_pretraitement/chiffre_007/04_matrice_28x28_0_1.csv;02_pretraitement/chiffre_007/02_entree_modele_28x28_gris.png;0.00046768;0.02819416;0.00215053;0.14682083;0.00005761;0.02236193;0.00000601;0.00019615;0.00157257;0.79817265
2026-09-05T15:42:50.841587+02:00;image_reelle_9_Best_relu_cascade_V2;2026-09-05_15-42-50;/Users/arthurperret/Library/Mobile Documents/com~apple~CloudDocs/Dev/Travaille-de-maturit-/resultats/photos_terrain/image_reelle_9/2026-09-05_15-42-50;/Users/arthurperret/Library/Mobile Documents/com~apple~CloudDocs/Dev/Travaille-de-maturit-/donnees/brutes/terrain/historiques/image_reelle_9.JPG;Best_relu_cascade_V2;/Users/arthurperret/Library/Mobile Documents/com~apple~CloudDocs/Dev/Travaille-de-maturit-/modeles/actifs/Best_relu_cascade_V2/best_model.keras;8;955;2180;257;376;9;argument_cli;3;0.93263131;0;02_pretraitement/chiffre_008/planche_controle_qualite.png;02_pretraitement/chiffre_008/04_matrice_28x28_0_1.csv;02_pretraitement/chiffre_008/02_entree_modele_28x28_gris.png;0.00000021;0.00008002;0.00002415;0.93263131;0.00000001;0.06668670;0.00000000;0.00001624;0.00000207;0.00055936
2026-09-05T15:42:50.841587+02:00;image_reelle_9_Best_relu_cascade_V2;2026-09-05_15-42-50;/Users/arthurperret/Library/Mobile Documents/com~apple~CloudDocs/Dev/Travaille-de-maturit-/resultats/photos_terrain/image_reelle_9/2026-09-05_15-42-50;/Users/arthurperret/Library/Mobile Documents/com~apple~CloudDocs/Dev/Travaille-de-maturit-/donnees/brutes/terrain/historiques/image_reelle_9.JPG;Best_relu_cascade_V2;/Users/arthurperret/Library/Mobile Documents/com~apple~CloudDocs/Dev/Travaille-de-maturit-/modeles/actifs/Best_relu_cascade_V2/best_model.keras;9;185;2363;216;339;9;argument_cli;3;0.74217939;0;02_pretraitement/chiffre_009/planche_controle_qualite.png;02_pretraitement/chiffre_009/04_matrice_28x28_0_1.csv;02_pretraitement/chiffre_009/02_entree_modele_28x28_gris.png;0.00000005;0.00001257;0.00001409;0.74217939;0.00000056;0.07097445;0.00000000;0.00000186;0.00001559;0.18680145
2026-09-05T15:42:50.841587+02:00;image_reelle_9_Best_relu_cascade_V2;2026-09-05_15-42-50;/Users/arthurperret/Library/Mobile Documents/com~apple~CloudDocs/Dev/Travaille-de-maturit-/resultats/photos_terrain/image_reelle_9/2026-09-05_15-42-50;/Users/arthurperret/Library/Mobile Documents/com~apple~CloudDocs/Dev/Travaille-de-maturit-/donnees/brutes/terrain/historiques/image_reelle_9.JPG;Best_relu_cascade_V2;/Users/arthurperret/Library/Mobile Documents/com~apple~CloudDocs/Dev/Travaille-de-maturit-/modeles/actifs/Best_relu_cascade_V2/best_model.keras;10;2117;2681;236;403;9;argument_cli;3;0.87394416;0;02_pretraitement/chiffre_010/planche_controle_qualite.png;02_pretraitement/chiffre_010/04_matrice_28x28_0_1.csv;02_pretraitement/chiffre_010/02_entree_modele_28x28_gris.png;0.00001563;0.10651592;0.00869953;0.87394416;0.00000036;0.00609954;0.00000012;0.00044869;0.00007145;0.00420465
2026-09-05T15:42:50.841587+02:00;image_reelle_9_Best_relu_cascade_V2;2026-09-05_15-42-50;/Users/arthurperret/Library/Mobile Documents/com~apple~CloudDocs/Dev/Travaille-de-maturit-/resultats/photos_terrain/image_reelle_9/2026-09-05_15-42-50;/Users/arthurperret/Library/Mobile Documents/com~apple~CloudDocs/Dev/Travaille-de-maturit-/donnees/brutes/terrain/historiques/image_reelle_9.JPG;Best_relu_cascade_V2;/Users/arthurperret/Library/Mobile Documents/com~apple~CloudDocs/Dev/Travaille-de-maturit-/modeles/actifs/Best_relu_cascade_V2/best_model.keras;11;1211;2971;215;309;9;argument_cli;7;0.83421290;0;02_pretraitement/chiffre_011/planche_controle_qualite.png;02_pretraitement/chiffre_011/04_matrice_28x28_0_1.csv;02_pretraitement/chiffre_011/02_entree_modele_28x28_gris.png;0.00000003;0.01080554;0.00019070;0.00042945;0.00033182;0.00000070;0.00000000;0.83421290;0.00002415;0.15400475
