image_source;modele;numero;x;y;largeur;hauteur;chiffre_attendu;prediction_top_1;confiance_top_1;rang_chiffre_attendu;confiance_chiffre_attendu;top_1_chiffre;top_1_confiance;top_2_chiffre;top_2_confiance;top_3_chiffre;top_3_confiance;top_4_chiffre;top_4_confiance;top_5_chiffre;top_5_confiance;top_6_chiffre;top_6_confiance;top_7_chiffre;top_7_confiance;top_8_chiffre;top_8_confiance;top_9_chiffre;top_9_confiance;top_10_chiffre;top_10_confiance
CTN_2.jpg;Best_relu_cascade_V2;1;856;55;46;59;2;2;0.99999762;1;0.99999762;2;0.99999762;8;0.00000226;3;0.00000011;1;0.00000002;9;0.00000001;0;0.00000001;7;0.00000000;6;0.00000000;5;0.00000000;4;0.00000000
CTN_2.jpg;Best_relu_cascade_V2;2;373;56;36;62;2;2;0.99993992;1;0.99993992;2;0.99993992;8;0.00005681;1;0.00000208;3;0.00000055;9;0.00000032;0;0.00000025;6;0.00000005;7;0.00000002;5;0.00000000;4;0.00000000
CTN_2.jpg;Best_relu_cascade_V2;3;560;56;52;63;2;2;0.99999559;1;0.99999559;2;0.99999559;0;0.00000420;8;0.00000012;1;0.00000011;6;0.00000001;3;0.00000001;4;0.00000000;7;0.00000000;9;0.00000000;5;0.00000000
CTN_2.jpg;Best_relu_cascade_V2;4;969;61;39;46;2;2;0.99912018;1;0.99912018;2;0.99912018;8;0.00082908;3;0.00002637;1;0.00002355;9;0.00000070;0;0.00000008;7;0.00000004;6;0.00000003;5;0.00000000;4;0.00000000
CTN_2.jpg;Best_relu_cascade_V2;5;668;63;41;47;2;2;0.99987638;1;0.99987638;2;0.99987638;8;0.00006281;1;0.00002814;0;0.00001152;3;0.00000933;9;0.00000620;6;0.00000355;5;0.00000184;4;0.00000013;7;0.00000006
CTN_2.jpg;Best_relu_cascade_V2;6;763;63;43;46;2;2;0.99996370;1;0.99996370;2;0.99996370;3;0.00002085;1;0.00001118;8;0.00000180;0;0.00000160;9;0.00000043;5;0.00000035;6;0.00000015;7;0.00000003;4;0.00000001
CTN_2.jpg;Best_relu_cascade_V2;7;469;66;38;47;2;2;0.99998748;1;0.99998748;2;0.99998748;8;0.00000591;3;0.00000559;0;0.00000052;1;0.00000042;9;0.00000005;6;0.00000004;5;0.00000002;7;0.00000001;4;0.00000000
CTN_2.jpg;Best_relu_cascade_V2;8;169;68;38;47;2;2;0.99999845;1;0.99999845;2;0.99999845;8;0.00000121;3;0.00000021;1;0.00000007;0;0.00000001;9;0.00000001;7;0.00000001;6;0.00000000;5;0.00000000;4;0.00000000
CTN_2.jpg;Best_relu_cascade_V2;9;70;69;46;47;2;2;0.99991292;1;0.99991292;2;0.99991292;1;0.00003069;3;0.00002873;8;0.00002271;9;0.00000409;0;0.00000036;7;0.00000030;5;0.00000015;6;0.00000003;4;0.00000000
CTN_2.jpg;Best_relu_cascade_V2;10;274;70;39;47;2;2;0.99995303;1;0.99995303;2;0.99995303;8;0.00004314;1;0.00000381;3;0.00000004;0;0.00000001;7;0.00000001;9;0.00000000;6;0.00000000;4;0.00000000;5;0.00000000
CTN_2.jpg;Best_relu_cascade_V2;11;957;158;46;52;2;2;0.99999809;1;0.99999809;2;0.99999809;8;0.00000192;1;0.00000001;3;0.00000000;0;0.00000000;9;0.00000000;7;0.00000000;6;0.00000000;5;0.00000000;4;0.00000000
CTN_2.jpg;Best_relu_cascade_V2;12;462;168;56;65;2;2;0.99991125;1;0.99991125;2;0.99991125;8;0.00008619;1;0.00000125;0;0.00000072;3;0.00000048;6;0.00000007;9;0.00000004;7;0.00000000;5;0.00000000;4;0.00000000
CTN_2.jpg;Best_relu_cascade_V2;13;861;168;32;38;2;2;0.99999607;1;0.99999607;2;0.99999607;8;0.00000357;3;0.00000030;1;0.00000001;0;0.00000000;9;0.00000000;7;0.00000000;5;0.00000000;6;0.00000000;4;0.00000000
CTN_2.jpg;Best_relu_cascade_V2;14;661;169;44;57;2;2;0.99967653;1;0.99967653;2;0.99967653;8;0.00010227;1;0.00009676;3;0.00008906;9;0.00003148;0;0.00000244;5;0.00000066;7;0.00000058;6;0.00000025;4;0.00000000
CTN_2.jpg;Best_relu_cascade_V2;15;259;170;45;53;2;2;0.99989164;1;0.99989164;2;0.99989164;3;0.00005869;8;0.00002410;1;0.00002246;9;0.00000270;0;0.00000018;7;0.00000017;5;0.00000005;6;0.00000002;4;0.00000000
CTN_2.jpg;Best_relu_cascade_V2;16;60;171;62;58;2;2;0.99999917;1;0.99999917;2;0.99999917;3;0.00000062;8;0.00000023;1;0.00000002;0;0.00000001;9;0.00000000;7;0.00000000;5;0.00000000;6;0.00000000;4;0.00000000
CTN_2.jpg;Best_relu_cascade_V2;17;763;176;43;43;2;2;0.99999893;1;0.99999893;2;0.99999893;0;0.00000109;1;0.00000003;3;0.00000000;8;0.00000000;6;0.00000000;4;0.00000000;7;0.00000000;9;0.00000000;5;0.00000000
CTN_2.jpg;Best_relu_cascade_V2;18;172;178;31;37;2;2;0.99999070;1;0.99999070;2;0.99999070;8;0.00000876;3;0.00000018;1;0.00000018;7;0.00000003;9;0.00000000;0;0.00000000;6;0.00000000;5;0.00000000;4;0.00000000
CTN_2.jpg;Best_relu_cascade_V2;19;574;180;31;38;2;2;0.99999201;1;0.99999201;2;0.99999201;8;0.00000789;3;0.00000016;1;0.00000002;0;0.00000000;9;0.00000000;7;0.00000000;5;0.00000000;6;0.00000000;4;0.00000000
CTN_2.jpg;Best_relu_cascade_V2;20;365;181;38;40;2;2;0.99999881;1;0.99999881;2;0.99999881;0;0.00000103;8;0.00000016;1;0.00000009;3;0.00000002;6;0.00000001;7;0.00000000;4;0.00000000;9;0.00000000;5;0.00000000
CTN_2.jpg;Best_relu_cascade_V2;21;858;264;47;51;2;2;0.99988616;1;0.99988616;2;0.99988616;3;0.00008161;8;0.00001074;0;0.00000783;1;0.00000738;9;0.00000553;7;0.00000038;6;0.00000035;5;0.00000006;4;0.00000000
CTN_2.jpg;Best_relu_cascade_V2;22;160;272;56;62;2;2;0.99999988;1;0.99999988;2;0.99999988;8;0.00000015;3;0.00000003;0;0.00000003;1;0.00000000;7;0.00000000;6;0.00000000;9;0.00000000;5;0.00000000;4;0.00000000
CTN_2.jpg;Best_relu_cascade_V2;23;748;273;43;54;2;2;0.99998653;1;0.99998653;2;0.99998653;0;0.00000724;8;0.00000584;3;0.00000024;6;0.00000017;1;0.00000009;9;0.00000001;7;0.00000000;5;0.00000000;4;0.00000000
CTN_2.jpg;Best_relu_cascade_V2;24;560;275;43;49;2;2;0.99996489;1;0.99996489;2;0.99996489;8;0.00003376;3;0.00000090;1;0.00000031;9;0.00000006;0;0.00000001;7;0.00000000;6;0.00000000;5;0.00000000;4;0.00000000
CTN_2.jpg;Best_relu_cascade_V2;25;969;276;35;41;2;2;0.99999404;1;0.99999404;2;0.99999404;8;0.00000572;3;0.00000013;1;0.00000010;0;0.00000007;7;0.00000000;9;0.00000000;6;0.00000000;5;0.00000000;4;0.00000000
CTN_2.jpg;Best_relu_cascade_V2;26;362;279;42;47;2;2;0.99994242;1;0.99994242;2;0.99994242;8;0.00005600;1;0.00000086;3;0.00000071;9;0.00000003;0;0.00000002;7;0.00000001;6;0.00000000;5;0.00000000;4;0.00000000
CTN_2.jpg;Best_relu_cascade_V2;27;68;282;40;45;2;2;0.99999416;1;0.99999416;2;0.99999416;8;0.00000284;3;0.00000130;0;0.00000101;1;0.00000049;9;0.00000009;7;0.00000001;6;0.00000001;5;0.00000000;4;0.00000000
CTN_2.jpg;Best_relu_cascade_V2;28;271;282;44;45;2;2;0.99999821;1;0.99999821;2;0.99999821;0;0.00000102;8;0.00000059;3;0.00000011;1;0.00000005;6;0.00000001;7;0.00000000;9;0.00000000;5;0.00000000;4;0.00000000
CTN_2.jpg;Best_relu_cascade_V2;29;654;283;40;49;2;2;0.99995548;1;0.99995548;2;0.99995548;8;0.00004167;1;0.00000236;3;0.00000039;7;0.00000014;6;0.00000005;0;0.00000003;9;0.00000000;4;0.00000000;5;0.00000000
CTN_2.jpg;Best_relu_cascade_V2;30;466;285;33;41;2;2;0.99994266;1;0.99994266;2;0.99994266;8;0.00005430;1;0.00000242;3;0.00000059;9;0.00000001;0;0.00000000;6;0.00000000;7;0.00000000;5;0.00000000;4;0.00000000
CTN_2.jpg;Best_relu_cascade_V2;31;820;370;52;58;2;2;0.99999797;1;0.99999797;2;0.99999797;8;0.00000157;3;0.00000030;0;0.00000011;1;0.00000004;7;0.00000001;9;0.00000000;6;0.00000000;5;0.00000000;4;0.00000000
CTN_2.jpg;Best_relu_cascade_V2;32;536;374;33;51;2;2;0.99984628;1;0.99984628;2;0.99984628;8;0.00015157;3;0.00000138;1;0.00000074;9;0.00000009;0;0.00000003;6;0.00000000;7;0.00000000;5;0.00000000;4;0.00000000
CTN_2.jpg;Best_relu_cascade_V2;33;947;377;62;54;2;2;0.99993575;1;0.99993575;2;0.99993575;0;0.00003083;3;0.00001569;8;0.00001208;1;0.00000453;9;0.00000061;6;0.00000033;7;0.00000018;5;0.00000003;4;0.00000001
CTN_2.jpg;Best_relu_cascade_V2;34;731;378;43;47;2;2;0.99999666;1;0.99999666;2;0.99999666;3;0.00000266;8;0.00000039;0;0.00000025;1;0.00000006;7;0.00000000;9;0.00000000;6;0.00000000;5;0.00000000;4;0.00000000
CTN_2.jpg;Best_relu_cascade_V2;35;343;381;48;57;2;2;0.99992657;1;0.99992657;2;0.99992657;8;0.00007214;1;0.00000082;0;0.00000034;3;0.00000014;6;0.00000001;9;0.00000001;7;0.00000000;4;0.00000000;5;0.00000000
CTN_2.jpg;Best_relu_cascade_V2;36;242;383;47;51;2;2;0.99999952;1;0.99999952;2;0.99999952;3;0.00000021;0;0.00000010;8;0.00000006;1;0.00000001;6;0.00000000;7;0.00000000;9;0.00000000;5;0.00000000;4;0.00000000
CTN_2.jpg;Best_relu_cascade_V2;37;61;385;75;51;2;2;0.51323915;1;0.51323915;2;0.51323915;4;0.38958994;7;0.09579141;6;0.00048524;1;0.00040878;5;0.00028637;9;0.00007992;8;0.00005427;3;0.00003515;0;0.00002972
CTN_2.jpg;Best_relu_cascade_V2;38;641;385;42;49;2;2;0.99929410;1;0.99929410;2;0.99929410;8;0.00064573;0;0.00003209;3;0.00001686;1;0.00000764;7;0.00000177;9;0.00000150;6;0.00000034;5;0.00000003;4;0.00000001
CTN_2.jpg;Best_relu_cascade_V2;39;160;390;30;35;2;2;0.99999988;1;0.99999988;2;0.99999988;8;0.00000017;3;0.00000005;0;0.00000003;1;0.00000001;7;0.00000000;9;0.00000000;6;0.00000000;5;0.00000000;4;0.00000000
CTN_2.jpg;Best_relu_cascade_V2;40;443;394;36;38;2;2;0.99999964;1;0.99999964;2;0.99999964;0;0.00000026;8;0.00000016;1;0.00000002;6;0.00000002;3;0.00000001;7;0.00000000;4;0.00000000;9;0.00000000;5;0.00000000
CTN_2.jpg;Best_relu_cascade_V2;41;943;474;50;55;2;2;0.99999058;1;0.99999058;2;0.99999058;8;0.00000933;3;0.00000015;1;0.00000001;9;0.00000000;0;0.00000000;7;0.00000000;5;0.00000000;6;0.00000000;4;0.00000000
CTN_2.jpg;Best_relu_cascade_V2;42;546;477;37;60;2;2;0.99992329;1;0.99992329;2;0.99992329;8;0.00007430;3;0.00000187;9;0.00000027;1;0.00000014;0;0.00000009;6;0.00000001;7;0.00000000;5;0.00000000;4;0.00000000
CTN_2.jpg;Best_relu_cascade_V2;43;840;477;43;49;2;2;0.99996561;1;0.99996561;2;0.99996561;8;0.00001901;3;0.00001070;1;0.00000297;0;0.00000110;9;0.00000068;7;0.00000002;5;0.00000002;6;0.00000001;4;0.00000000
CTN_2.jpg;Best_relu_cascade_V2;44;747;481;36;42;2;2;0.99999118;1;0.99999118;2;0.99999118;8;0.00000853;3;0.00000023;1;0.00000003;9;0.00000000;0;0.00000000;6;0.00000000;7;0.00000000;5;0.00000000;4;0.00000000
CTN_2.jpg;Best_relu_cascade_V2;45;638;485;51;54;2;2;0.99992692;1;0.99992692;2;0.99992692;8;0.00006696;3;0.00000278;1;0.00000204;9;0.00000131;0;0.00000004;7;0.00000001;5;0.00000001;6;0.00000000;4;0.00000000
CTN_2.jpg;Best_relu_cascade_V2;46;349;487;51;64;2;2;0.99999714;1;0.99999714;2;0.99999714;8;0.00000284;1;0.00000003;3;0.00000000;0;0.00000000;7;0.00000000;9;0.00000000;6;0.00000000;4;0.00000000;5;0.00000000
CTN_2.jpg;Best_relu_cascade_V2;47;453;490;38;45;2;2;0.99998581;1;0.99998581;2;0.99998581;8;0.00001075;3;0.00000187;0;0.00000150;1;0.00000011;9;0.00000003;6;0.00000003;5;0.00000000;7;0.00000000;4;0.00000000
CTN_2.jpg;Best_relu_cascade_V2;48;259;494;41;47;2;2;0.99997944;1;0.99997944;2;0.99997944;8;0.00001811;3;0.00000200;1;0.00000037;9;0.00000018;0;0.00000002;7;0.00000000;6;0.00000000;5;0.00000000;4;0.00000000
CTN_2.jpg;Best_relu_cascade_V2;49;63;495;42;49;2;2;0.99996156;1;0.99996156;2;0.99996156;8;0.00003372;1;0.00000341;3;0.00000107;9;0.00000021;0;0.00000001;5;0.00000000;6;0.00000000;7;0.00000000;4;0.00000000
CTN_2.jpg;Best_relu_cascade_V2;50;159;495;44;49;2;2;0.99999249;1;0.99999249;2;0.99999249;8;0.00000710;1;0.00000021;3;0.00000010;9;0.00000002;0;0.00000000;7;0.00000000;6;0.00000000;5;0.00000000;4;0.00000000
CTN_2.jpg;Best_relu_cascade_V2;51;830;585;53;68;2;2;0.99998677;1;0.99998677;2;0.99998677;8;0.00001277;0;0.00000031;3;0.00000013;1;0.00000010;6;0.00000001;9;0.00000000;7;0.00000000;5;0.00000000;4;0.00000000
CTN_2.jpg;Best_relu_cascade_V2;52;740;587;43;56;2;2;0.99998808;1;0.99998808;2;0.99998808;8;0.00001105;1;0.00000050;3;0.00000021;0;0.00000007;9;0.00000001;6;0.00000001;7;0.00000000;5;0.00000000;4;0.00000000
CTN_2.jpg;Best_relu_cascade_V2;53;947;595;46;42;2;2;0.99968159;1;0.99968159;2;0.99968159;0;0.00031064;6;0.00000476;1;0.00000131;4;0.00000128;3;0.00000034;8;0.00000012;7;0.00000000;9;0.00000000;5;0.00000000
CTN_2.jpg;Best_relu_cascade_V2;54;458;597;46;57;2;2;0.99969018;1;0.99969018;2;0.99969018;8;0.00028778;3;0.00001264;1;0.00000725;9;0.00000165;0;0.00000032;6;0.00000009;5;0.00000004;7;0.00000002;4;0.00000000
CTN_2.jpg;Best_relu_cascade_V2;55;155;598;44;58;2;2;0.99993074;1;0.99993074;2;0.99993074;3;0.00003085;8;0.00002885;1;0.00000793;0;0.00000090;9;0.00000049;5;0.00000011;6;0.00000007;7;0.00000005;4;0.00000000
CTN_2.jpg;Best_relu_cascade_V2;56;657;598;31;38;2;2;0.99999547;1;0.99999547;2;0.99999547;8;0.00000337;3;0.00000111;0;0.00000009;1;0.00000007;9;0.00000001;7;0.00000000;5;0.00000000;6;0.00000000;4;0.00000000
CTN_2.jpg;Best_relu_cascade_V2;57;356;600;46;51;2;2;0.99999821;1;0.99999821;2;0.99999821;8;0.00000178;3;0.00000004;1;0.00000001;0;0.00000000;9;0.00000000;7;0.00000000;6;0.00000000;5;0.00000000;4;0.00000000
CTN_2.jpg;Best_relu_cascade_V2;58;62;606;42;48;2;2;0.99999774;1;0.99999774;2;0.99999774;8;0.00000124;3;0.00000064;0;0.00000031;1;0.00000014;6;0.00000001;9;0.00000001;7;0.00000000;5;0.00000000;4;0.00000000
CTN_2.jpg;Best_relu_cascade_V2;59;262;609;32;35;2;2;0.99999928;1;0.99999928;2;0.99999928;0;0.00000055;8;0.00000009;3;0.00000003;1;0.00000002;7;0.00000000;9;0.00000000;6;0.00000000;5;0.00000000;4;0.00000000
CTN_2.jpg;Best_relu_cascade_V2;60;560;609;38;43;2;2;0.99999833;1;0.99999833;2;0.99999833;8;0.00000153;1;0.00000011;3;0.00000002;0;0.00000001;9;0.00000000;7;0.00000000;6;0.00000000;5;0.00000000;4;0.00000000
CTN_2.jpg;Best_relu_cascade_V2;61;55;704;71;65;2;2;0.99988055;1;0.99988055;2;0.99988055;0;0.00010385;4;0.00000511;6;0.00000485;1;0.00000461;3;0.00000067;8;0.00000021;7;0.00000003;9;0.00000000;5;0.00000000
CTN_2.jpg;Best_relu_cascade_V2;62;648;705;45;67;2;2;0.99920905;1;0.99920905;2;0.99920905;8;0.00041722;1;0.00030486;3;0.00003904;0;0.00001248;9;0.00001088;6;0.00000460;5;0.00000091;7;0.00000085;4;0.00000001
CTN_2.jpg;Best_relu_cascade_V2;63;264;708;37;56;2;2;0.99999154;1;0.99999154;2;0.99999154;8;0.00000827;1;0.00000012;3;0.00000007;0;0.00000003;9;0.00000000;6;0.00000000;7;0.00000000;5;0.00000000;4;0.00000000
CTN_2.jpg;Best_relu_cascade_V2;64;843;710;42;48;2;2;0.99998689;1;0.99998689;2;0.99998689;3;0.00000681;8;0.00000541;0;0.00000051;1;0.00000025;9;0.00000011;5;0.00000006;7;0.00000001;6;0.00000000;4;0.00000000
CTN_2.jpg;Best_relu_cascade_V2;65;452;712;47;51;2;2;0.99997514;1;0.99997514;2;0.99997514;8;0.00002114;3;0.00000215;1;0.00000099;9;0.00000053;0;0.00000008;7;0.00000003;5;0.00000001;6;0.00000001;4;0.00000000
CTN_2.jpg;Best_relu_cascade_V2;66;944;713;46;49;2;2;0.99997705;1;0.99997705;2;0.99997705;0;0.00001372;1;0.00000767;3;0.00000110;6;0.00000031;8;0.00000014;4;0.00000006;7;0.00000001;9;0.00000001;5;0.00000000
CTN_2.jpg;Best_relu_cascade_V2;67;175;714;32;39;2;2;0.99708307;1;0.99708307;2;0.99708307;8;0.00291026;3;0.00000502;1;0.00000133;9;0.00000021;0;0.00000021;7;0.00000001;6;0.00000000;5;0.00000000;4;0.00000000
CTN_2.jpg;Best_relu_cascade_V2;68;755;714;42;50;2;2;0.99997169;1;0.99997169;2;0.99997169;0;0.00001424;8;0.00000939;1;0.00000315;3;0.00000124;6;0.00000026;9;0.00000003;7;0.00000002;5;0.00000001;4;0.00000000
CTN_2.jpg;Best_relu_cascade_V2;69;363;719;42;44;2;2;0.99999893;1;0.99999893;2;0.99999893;0;0.00000097;1;0.00000005;8;0.00000001;6;0.00000000;3;0.00000000;4;0.00000000;7;0.00000000;9;0.00000000;5;0.00000000
CTN_2.jpg;Best_relu_cascade_V2;70;553;722;46;50;2;2;0.99994099;1;0.99994099;2;0.99994099;0;0.00004525;6;0.00000909;8;0.00000293;4;0.00000082;7;0.00000068;3;0.00000011;1;0.00000002;9;0.00000001;5;0.00000000
CTN_2.jpg;Best_relu_cascade_V2;71;754;815;34;52;2;2;0.99994004;1;0.99994004;2;0.99994004;8;0.00005933;3;0.00000044;1;0.00000010;9;0.00000002;0;0.00000001;6;0.00000000;7;0.00000000;5;0.00000000;4;0.00000000
CTN_2.jpg;Best_relu_cascade_V2;72;853;816;47;56;2;2;0.99999845;1;0.99999845;2;0.99999845;8;0.00000139;0;0.00000005;3;0.00000005;1;0.00000001;9;0.00000000;6;0.00000000;5;0.00000000;7;0.00000000;4;0.00000000
CTN_2.jpg;Best_relu_cascade_V2;73;446;824;45;51;2;2;0.99999261;1;0.99999261;2;0.99999261;8;0.00000716;1;0.00000022;3;0.00000004;0;0.00000003;7;0.00000000;9;0.00000000;6;0.00000000;5;0.00000000;4;0.00000000
CTN_2.jpg;Best_relu_cascade_V2;74;251;825;44;58;2;2;0.99986023;1;0.99986023;2;0.99986023;8;0.00013836;1;0.00000113;3;0.00000018;0;0.00000008;9;0.00000001;6;0.00000001;7;0.00000001;4;0.00000000;5;0.00000000
CTN_2.jpg;Best_relu_cascade_V2;75;55;826;41;49;2;2;0.99999928;1;0.99999928;2;0.99999928;8;0.00000059;0;0.00000006;3;0.00000002;1;0.00000001;6;0.00000000;7;0.00000000;9;0.00000000;5;0.00000000;4;0.00000000
CTN_2.jpg;Best_relu_cascade_V2;76;156;826;45;50;2;2;0.99999726;1;0.99999726;2;0.99999726;0;0.00000170;8;0.00000051;3;0.00000050;1;0.00000008;6;0.00000001;9;0.00000000;7;0.00000000;5;0.00000000;4;0.00000000
CTN_2.jpg;Best_relu_cascade_V2;77;545;826;48;54;2;2;0.99999881;1;0.99999881;2;0.99999881;0;0.00000102;8;0.00000013;1;0.00000001;3;0.00000001;6;0.00000000;7;0.00000000;9;0.00000000;4;0.00000000;5;0.00000000
CTN_2.jpg;Best_relu_cascade_V2;78;657;826;43;46;2;2;0.99999857;1;0.99999857;2;0.99999857;0;0.00000102;8;0.00000019;3;0.00000011;1;0.00000005;6;0.00000000;7;0.00000000;9;0.00000000;4;0.00000000;5;0.00000000
CTN_2.jpg;Best_relu_cascade_V2;79;953;828;37;42;2;2;0.99999917;1;0.99999917;2;0.99999917;0;0.00000045;8;0.00000034;3;0.00000005;1;0.00000004;6;0.00000001;7;0.00000000;9;0.00000000;5;0.00000000;4;0.00000000
CTN_2.jpg;Best_relu_cascade_V2;80;356;835;32;37;2;2;0.99999940;1;0.99999940;2;0.99999940;8;0.00000058;3;0.00000003;1;0.00000002;0;0.00000000;7;0.00000000;9;0.00000000;6;0.00000000;5;0.00000000;4;0.00000000
CTN_2.jpg;Best_relu_cascade_V2;81;831;920;56;59;2;2;0.99999869;1;0.99999869;2;0.99999869;8;0.00000127;1;0.00000004;3;0.00000001;0;0.00000001;6;0.00000000;7;0.00000000;9;0.00000000;4;0.00000000;5;0.00000000
CTN_2.jpg;Best_relu_cascade_V2;82;645;922;46;56;2;2;0.99995148;1;0.99995148;2;0.99995148;8;0.00003735;1;0.00000762;3;0.00000272;0;0.00000036;9;0.00000022;7;0.00000011;6;0.00000008;5;0.00000001;4;0.00000000
CTN_2.jpg;Best_relu_cascade_V2;83;460;924;34;49;2;2;0.99973363;1;0.99973363;2;0.99973363;8;0.00026138;3;0.00000439;1;0.00000047;0;0.00000007;9;0.00000006;7;0.00000000;6;0.00000000;5;0.00000000;4;0.00000000
CTN_2.jpg;Best_relu_cascade_V2;84;266;927;51;53;2;2;0.99998605;1;0.99998605;2;0.99998605;0;0.00000794;3;0.00000405;1;0.00000132;8;0.00000044;6;0.00000009;9;0.00000004;7;0.00000003;4;0.00000000;5;0.00000000
CTN_2.jpg;Best_relu_cascade_V2;85;162;928;45;50;2;2;0.99999094;1;0.99999094;2;0.99999094;8;0.00000820;3;0.00000065;0;0.00000016;1;0.00000006;9;0.00000001;6;0.00000000;7;0.00000000;5;0.00000000;4;0.00000000
CTN_2.jpg;Best_relu_cascade_V2;86;57;929;42;48;2;2;0.99947196;1;0.99947196;2;0.99947196;8;0.00052175;3;0.00000507;1;0.00000094;9;0.00000010;0;0.00000008;7;0.00000001;5;0.00000000;6;0.00000000;4;0.00000000
CTN_2.jpg;Best_relu_cascade_V2;87;955;930;37;43;2;2;0.99997491;1;0.99997491;2;0.99997491;8;0.00002504;3;0.00000010;1;0.00000000;0;0.00000000;9;0.00000000;7;0.00000000;6;0.00000000;5;0.00000000;4;0.00000000
CTN_2.jpg;Best_relu_cascade_V2;88;557;932;39;46;2;2;0.99999881;1;0.99999881;2;0.99999881;8;0.00000084;3;0.00000022;0;0.00000007;1;0.00000006;7;0.00000000;9;0.00000000;6;0.00000000;5;0.00000000;4;0.00000000
CTN_2.jpg;Best_relu_cascade_V2;89;741;933;31;36;2;2;0.99999988;1;0.99999988;2;0.99999988;8;0.00000018;0;0.00000003;3;0.00000003;1;0.00000001;7;0.00000000;9;0.00000000;6;0.00000000;5;0.00000000;4;0.00000000
CTN_2.jpg;Best_relu_cascade_V2;90;372;935;34;37;2;2;0.99999785;1;0.99999785;2;0.99999785;0;0.00000191;1;0.00000029;8;0.00000002;3;0.00000001;6;0.00000000;4;0.00000000;7;0.00000000;5;0.00000000;9;0.00000000
CTN_2.jpg;Best_relu_cascade_V2;91;757;1028;38;53;2;2;0.99999917;1;0.99999917;2;0.99999917;8;0.00000075;3;0.00000006;0;0.00000001;1;0.00000001;9;0.00000000;6;0.00000000;5;0.00000000;7;0.00000000;4;0.00000000
CTN_2.jpg;Best_relu_cascade_V2;92;465;1029;46;58;2;2;0.99991459;1;0.99991459;2;0.99991459;8;0.00008353;3;0.00000095;1;0.00000074;9;0.00000017;0;0.00000011;6;0.00000001;5;0.00000000;7;0.00000000;4;0.00000000
CTN_2.jpg;Best_relu_cascade_V2;93;262;1031;57;58;2;2;0.99995351;1;0.99995351;2;0.99995351;8;0.00004280;3;0.00000290;9;0.00000070;1;0.00000012;0;0.00000002;5;0.00000001;7;0.00000000;6;0.00000000;4;0.00000000
CTN_2.jpg;Best_relu_cascade_V2;94;151;1033;48;52;2;2;0.99995536;1;0.99995536;2;0.99995536;8;0.00004461;3;0.00000009;1;0.00000002;9;0.00000001;0;0.00000000;6;0.00000000;7;0.00000000;5;0.00000000;4;0.00000000
CTN_2.jpg;Best_relu_cascade_V2;95;659;1034;48;49;2;2;0.99999952;1;0.99999952;2;0.99999952;0;0.00000040;8;0.00000005;1;0.00000003;3;0.00000002;6;0.00000001;7;0.00000000;4;0.00000000;9;0.00000000;5;0.00000000
CTN_2.jpg;Best_relu_cascade_V2;96;854;1036;37;43;2;2;0.99998939;1;0.99998939;2;0.99998939;8;0.00000790;3;0.00000206;0;0.00000043;1;0.00000017;9;0.00000006;7;0.00000001;5;0.00000000;6;0.00000000;4;0.00000000
CTN_2.jpg;Best_relu_cascade_V2;97;943;1038;49;48;2;2;1.00000000;1;1.00000000;2;1.00000000;8;0.00000006;3;0.00000001;0;0.00000000;1;0.00000000;7;0.00000000;9;0.00000000;6;0.00000000;5;0.00000000;4;0.00000000
CTN_2.jpg;Best_relu_cascade_V2;98;570;1039;38;44;2;2;0.99999619;1;0.99999619;2;0.99999619;8;0.00000320;3;0.00000038;1;0.00000012;0;0.00000007;9;0.00000000;7;0.00000000;6;0.00000000;5;0.00000000;4;0.00000000
CTN_2.jpg;Best_relu_cascade_V2;99;52;1040;45;51;2;2;0.99999499;1;0.99999499;2;0.99999499;3;0.00000218;0;0.00000123;8;0.00000122;1;0.00000026;6;0.00000015;7;0.00000001;9;0.00000001;5;0.00000000;4;0.00000000
CTN_2.jpg;Best_relu_cascade_V2;100;378;1041;38;39;2;2;0.99999833;1;0.99999833;2;0.99999833;0;0.00000140;1;0.00000023;6;0.00000001;3;0.00000000;4;0.00000000;8;0.00000000;7;0.00000000;9;0.00000000;5;0.00000000
CTN_2.jpg;Best_relu_cascade_V2;101;559;1139;46;51;2;2;0.99999917;1;0.99999917;2;0.99999917;8;0.00000038;0;0.00000032;3;0.00000014;1;0.00000002;6;0.00000000;9;0.00000000;7;0.00000000;5;0.00000000;4;0.00000000
CTN_2.jpg;Best_relu_cascade_V2;102;839;1140;53;55;2;2;0.99999881;1;0.99999881;2;0.99999881;8;0.00000118;3;0.00000001;0;0.00000000;1;0.00000000;9;0.00000000;7;0.00000000;6;0.00000000;5;0.00000000;4;0.00000000
CTN_2.jpg;Best_relu_cascade_V2;103;258;1141;54;56;2;2;0.99999595;1;0.99999595;2;0.99999595;8;0.00000381;3;0.00000020;0;0.00000001;1;0.00000001;9;0.00000001;7;0.00000000;6;0.00000000;5;0.00000000;4;0.00000000
CTN_2.jpg;Best_relu_cascade_V2;104;465;1142;44;49;2;2;0.99999702;1;0.99999702;2;0.99999702;8;0.00000154;0;0.00000070;3;0.00000061;1;0.00000015;6;0.00000001;9;0.00000001;7;0.00000000;5;0.00000000;4;0.00000000
CTN_2.jpg;Best_relu_cascade_V2;105;149;1145;47;49;2;2;0.99991459;1;0.99991459;2;0.99991459;8;0.00007936;3;0.00000416;1;0.00000126;9;0.00000058;0;0.00000002;7;0.00000001;6;0.00000000;5;0.00000000;4;0.00000000
CTN_2.jpg;Best_relu_cascade_V2;106;658;1146;37;42;2;2;0.99999583;1;0.99999583;2;0.99999583;8;0.00000329;3;0.00000064;1;0.00000017;9;0.00000002;0;0.00000001;7;0.00000000;5;0.00000000;6;0.00000000;4;0.00000000
CTN_2.jpg;Best_relu_cascade_V2;107;750;1147;38;43;2;2;0.99999940;1;0.99999940;2;0.99999940;3;0.00000026;8;0.00000018;0;0.00000007;1;0.00000005;6;0.00000000;7;0.00000000;9;0.00000000;5;0.00000000;4;0.00000000
CTN_2.jpg;Best_relu_cascade_V2;108;949;1147;40;45;2;2;0.99999297;1;0.99999297;2;0.99999297;8;0.00000681;3;0.00000021;0;0.00000002;9;0.00000001;1;0.00000000;7;0.00000000;5;0.00000000;6;0.00000000;4;0.00000000
CTN_2.jpg;Best_relu_cascade_V2;109;50;1148;40;48;2;2;0.99999976;1;0.99999976;2;0.99999976;8;0.00000023;3;0.00000001;0;0.00000000;1;0.00000000;7;0.00000000;9;0.00000000;6;0.00000000;5;0.00000000;4;0.00000000
CTN_2.jpg;Best_relu_cascade_V2;110;377;1149;32;38;2;2;0.99999917;1;0.99999917;2;0.99999917;8;0.00000050;3;0.00000019;1;0.00000007;0;0.00000001;7;0.00000000;9;0.00000000;5;0.00000000;6;0.00000000;4;0.00000000
CTN_2.jpg;Best_relu_cascade_V2;111;552;1240;51;54;2;2;0.99999869;1;0.99999869;2;0.99999869;8;0.00000057;3;0.00000041;1;0.00000023;0;0.00000017;6;0.00000001;7;0.00000000;9;0.00000000;5;0.00000000;4;0.00000000
CTN_2.jpg;Best_relu_cascade_V2;112;754;1242;48;51;2;2;0.99999869;1;0.99999869;2;0.99999869;3;0.00000101;0;0.00000017;1;0.00000011;8;0.00000010;6;0.00000000;7;0.00000000;9;0.00000000;5;0.00000000;4;0.00000000
CTN_2.jpg;Best_relu_cascade_V2;113;362;1245;46;49;2;2;0.99999583;1;0.99999583;2;0.99999583;3;0.00000329;8;0.00000068;0;0.00000011;1;0.00000001;9;0.00000001;7;0.00000000;6;0.00000000;5;0.00000000;4;0.00000000
CTN_2.jpg;Best_relu_cascade_V2;114;158;1247;50;51;2;2;0.99999225;1;0.99999225;2;0.99999225;8;0.00000373;3;0.00000355;1;0.00000029;9;0.00000011;0;0.00000005;7;0.00000001;6;0.00000000;5;0.00000000;4;0.00000000
CTN_2.jpg;Best_relu_cascade_V2;115;858;1247;36;39;2;2;0.99999809;1;0.99999809;2;0.99999809;8;0.00000179;3;0.00000006;0;0.00000001;9;0.00000000;1;0.00000000;7;0.00000000;6;0.00000000;5;0.00000000;4;0.00000000
CTN_2.jpg;Best_relu_cascade_V2;116;663;1250;33;38;2;2;0.99999940;1;0.99999940;2;0.99999940;0;0.00000044;8;0.00000013;3;0.00000004;1;0.00000001;6;0.00000000;7;0.00000000;9;0.00000000;4;0.00000000;5;0.00000000
CTN_2.jpg;Best_relu_cascade_V2;117;947;1250;34;38;2;2;0.99999976;1;0.99999976;2;0.99999976;8;0.00000016;3;0.00000015;0;0.00000000;1;0.00000000;9;0.00000000;7;0.00000000;5;0.00000000;6;0.00000000;4;0.00000000
CTN_2.jpg;Best_relu_cascade_V2;118;467;1251;33;38;2;2;0.99999797;1;0.99999797;2;0.99999797;8;0.00000161;3;0.00000049;0;0.00000002;1;0.00000001;9;0.00000000;7;0.00000000;5;0.00000000;6;0.00000000;4;0.00000000
CTN_2.jpg;Best_relu_cascade_V2;119;51;1252;44;49;2;2;0.99999535;1;0.99999535;2;0.99999535;8;0.00000223;0;0.00000169;3;0.00000063;1;0.00000015;6;0.00000004;9;0.00000001;7;0.00000000;5;0.00000000;4;0.00000000
CTN_2.jpg;Best_relu_cascade_V2;120;265;1256;38;40;2;2;0.99999785;1;0.99999785;2;0.99999785;0;0.00000202;3;0.00000007;8;0.00000005;1;0.00000002;6;0.00000000;7;0.00000000;4;0.00000000;9;0.00000000;5;0.00000000
CTN_2.jpg;Best_relu_cascade_V2;121;836;1330;54;57;2;2;0.99999964;1;0.99999964;2;0.99999964;8;0.00000018;3;0.00000006;0;0.00000003;1;0.00000002;6;0.00000000;9;0.00000000;7;0.00000000;5;0.00000000;4;0.00000000
CTN_2.jpg;Best_relu_cascade_V2;122;753;1335;34;45;2;2;0.99999881;1;0.99999881;2;0.99999881;8;0.00000124;3;0.00000001;1;0.00000000;0;0.00000000;9;0.00000000;6;0.00000000;7;0.00000000;5;0.00000000;4;0.00000000
CTN_2.jpg;Best_relu_cascade_V2;123;459;1337;44;52;2;2;0.99998218;1;0.99998218;2;0.99998218;8;0.00001779;1;0.00000006;3;0.00000006;0;0.00000001;9;0.00000000;6;0.00000000;7;0.00000000;5;0.00000000;4;0.00000000
CTN_2.jpg;Best_relu_cascade_V2;124;944;1340;39;44;2;2;0.99999118;1;0.99999118;2;0.99999118;8;0.00000464;0;0.00000289;3;0.00000117;6;0.00000006;1;0.00000006;9;0.00000002;7;0.00000000;5;0.00000000;4;0.00000000
CTN_2.jpg;Best_relu_cascade_V2;125;263;1341;55;54;2;2;0.99999964;1;0.99999964;2;0.99999964;8;0.00000032;3;0.00000003;0;0.00000000;1;0.00000000;9;0.00000000;7;0.00000000;6;0.00000000;5;0.00000000;4;0.00000000
CTN_2.jpg;Best_relu_cascade_V2;126;666;1342;39;43;2;2;0.99999917;1;0.99999917;2;0.99999917;0;0.00000073;8;0.00000010;3;0.00000002;1;0.00000001;6;0.00000000;7;0.00000000;9;0.00000000;5;0.00000000;4;0.00000000
CTN_2.jpg;Best_relu_cascade_V2;127;565;1343;46;47;2;2;0.99999893;1;0.99999893;2;0.99999893;3;0.00000050;0;0.00000028;8;0.00000026;1;0.00000005;6;0.00000000;7;0.00000000;9;0.00000000;5;0.00000000;4;0.00000000
CTN_2.jpg;Best_relu_cascade_V2;128;160;1344;44;48;2;2;0.99999583;1;0.99999583;2;0.99999583;8;0.00000304;3;0.00000101;0;0.00000005;1;0.00000001;9;0.00000001;7;0.00000000;5;0.00000000;6;0.00000000;4;0.00000000
CTN_2.jpg;Best_relu_cascade_V2;129;51;1346;43;47;2;2;0.99999809;1;0.99999809;2;0.99999809;8;0.00000169;3;0.00000015;0;0.00000008;1;0.00000002;6;0.00000000;9;0.00000000;7;0.00000000;5;0.00000000;4;0.00000000
CTN_2.jpg;Best_relu_cascade_V2;130;372;1351;38;38;2;2;0.99999928;1;0.99999928;2;0.99999928;0;0.00000066;8;0.00000005;3;0.00000002;6;0.00000001;1;0.00000001;7;0.00000000;4;0.00000000;9;0.00000000;5;0.00000000
