protocol_id,scope,method,variable_x,variable_y,coefficient,n_configurations,grain,note
sha256:521523737c9f1da4288d04f12329d836e6b69841371b54dfc1bb5173a6691b36,toutes_activations,spearman,log2_filter_1,log2_filter_2,0.0,300,"configuration agrégée, jamais répétition brute",descriptif uniquement ; interactions et grille expérimentale peuvent masquer ou créer une tendance
sha256:521523737c9f1da4288d04f12329d836e6b69841371b54dfc1bb5173a6691b36,toutes_activations,spearman,log2_filter_1,dropout,0.0,300,"configuration agrégée, jamais répétition brute",descriptif uniquement ; interactions et grille expérimentale peuvent masquer ou créer une tendance
sha256:521523737c9f1da4288d04f12329d836e6b69841371b54dfc1bb5173a6691b36,toutes_activations,spearman,log2_filter_1,log10_model_parameters,0.6460568708519551,300,"configuration agrégée, jamais répétition brute",descriptif uniquement ; interactions et grille expérimentale peuvent masquer ou créer une tendance
sha256:521523737c9f1da4288d04f12329d836e6b69841371b54dfc1bb5173a6691b36,toutes_activations,spearman,log2_filter_1,test_accuracy_mean,0.3087752399388172,300,"configuration agrégée, jamais répétition brute",descriptif uniquement ; interactions et grille expérimentale peuvent masquer ou créer une tendance
sha256:521523737c9f1da4288d04f12329d836e6b69841371b54dfc1bb5173a6691b36,toutes_activations,spearman,log2_filter_1,test_loss_mean,-0.28180980031102726,300,"configuration agrégée, jamais répétition brute",descriptif uniquement ; interactions et grille expérimentale peuvent masquer ou créer une tendance
sha256:521523737c9f1da4288d04f12329d836e6b69841371b54dfc1bb5173a6691b36,toutes_activations,spearman,log2_filter_1,duration_seconds_mean,0.7962073436810596,300,"configuration agrégée, jamais répétition brute",descriptif uniquement ; interactions et grille expérimentale peuvent masquer ou créer une tendance
sha256:521523737c9f1da4288d04f12329d836e6b69841371b54dfc1bb5173a6691b36,toutes_activations,spearman,log2_filter_1,epochs_completed_mean,-0.2986037828212839,300,"configuration agrégée, jamais répétition brute",descriptif uniquement ; interactions et grille expérimentale peuvent masquer ou créer une tendance
sha256:521523737c9f1da4288d04f12329d836e6b69841371b54dfc1bb5173a6691b36,toutes_activations,spearman,log2_filter_2,dropout,0.0,300,"configuration agrégée, jamais répétition brute",descriptif uniquement ; interactions et grille expérimentale peuvent masquer ou créer une tendance
sha256:521523737c9f1da4288d04f12329d836e6b69841371b54dfc1bb5173a6691b36,toutes_activations,spearman,log2_filter_2,log10_model_parameters,0.7488713544559286,300,"configuration agrégée, jamais répétition brute",descriptif uniquement ; interactions et grille expérimentale peuvent masquer ou créer une tendance
sha256:521523737c9f1da4288d04f12329d836e6b69841371b54dfc1bb5173a6691b36,toutes_activations,spearman,log2_filter_2,test_accuracy_mean,0.5004190411822497,300,"configuration agrégée, jamais répétition brute",descriptif uniquement ; interactions et grille expérimentale peuvent masquer ou créer une tendance
sha256:521523737c9f1da4288d04f12329d836e6b69841371b54dfc1bb5173a6691b36,toutes_activations,spearman,log2_filter_2,test_loss_mean,-0.4242811971270534,300,"configuration agrégée, jamais répétition brute",descriptif uniquement ; interactions et grille expérimentale peuvent masquer ou créer une tendance
sha256:521523737c9f1da4288d04f12329d836e6b69841371b54dfc1bb5173a6691b36,toutes_activations,spearman,log2_filter_2,duration_seconds_mean,0.03298664512912879,300,"configuration agrégée, jamais répétition brute",descriptif uniquement ; interactions et grille expérimentale peuvent masquer ou créer une tendance
sha256:521523737c9f1da4288d04f12329d836e6b69841371b54dfc1bb5173a6691b36,toutes_activations,spearman,log2_filter_2,epochs_completed_mean,-0.41339412736823994,300,"configuration agrégée, jamais répétition brute",descriptif uniquement ; interactions et grille expérimentale peuvent masquer ou créer une tendance
sha256:521523737c9f1da4288d04f12329d836e6b69841371b54dfc1bb5173a6691b36,toutes_activations,spearman,dropout,log10_model_parameters,0.0,300,"configuration agrégée, jamais répétition brute",descriptif uniquement ; interactions et grille expérimentale peuvent masquer ou créer une tendance
sha256:521523737c9f1da4288d04f12329d836e6b69841371b54dfc1bb5173a6691b36,toutes_activations,spearman,dropout,test_accuracy_mean,0.1870259855836839,300,"configuration agrégée, jamais répétition brute",descriptif uniquement ; interactions et grille expérimentale peuvent masquer ou créer une tendance
sha256:521523737c9f1da4288d04f12329d836e6b69841371b54dfc1bb5173a6691b36,toutes_activations,spearman,dropout,test_loss_mean,-0.253278646511281,300,"configuration agrégée, jamais répétition brute",descriptif uniquement ; interactions et grille expérimentale peuvent masquer ou créer une tendance
sha256:521523737c9f1da4288d04f12329d836e6b69841371b54dfc1bb5173a6691b36,toutes_activations,spearman,dropout,duration_seconds_mean,0.3206127719646346,300,"configuration agrégée, jamais répétition brute",descriptif uniquement ; interactions et grille expérimentale peuvent masquer ou créer une tendance
sha256:521523737c9f1da4288d04f12329d836e6b69841371b54dfc1bb5173a6691b36,toutes_activations,spearman,dropout,epochs_completed_mean,0.5008909452483336,300,"configuration agrégée, jamais répétition brute",descriptif uniquement ; interactions et grille expérimentale peuvent masquer ou créer une tendance
sha256:521523737c9f1da4288d04f12329d836e6b69841371b54dfc1bb5173a6691b36,toutes_activations,spearman,log10_model_parameters,test_accuracy_mean,0.5683153091311415,300,"configuration agrégée, jamais répétition brute",descriptif uniquement ; interactions et grille expérimentale peuvent masquer ou créer une tendance
sha256:521523737c9f1da4288d04f12329d836e6b69841371b54dfc1bb5173a6691b36,toutes_activations,spearman,log10_model_parameters,test_loss_mean,-0.491400248950154,300,"configuration agrégée, jamais répétition brute",descriptif uniquement ; interactions et grille expérimentale peuvent masquer ou créer une tendance
sha256:521523737c9f1da4288d04f12329d836e6b69841371b54dfc1bb5173a6691b36,toutes_activations,spearman,log10_model_parameters,duration_seconds_mean,0.5468180195302905,300,"configuration agrégée, jamais répétition brute",descriptif uniquement ; interactions et grille expérimentale peuvent masquer ou créer une tendance
sha256:521523737c9f1da4288d04f12329d836e6b69841371b54dfc1bb5173a6691b36,toutes_activations,spearman,log10_model_parameters,epochs_completed_mean,-0.5058687106002335,300,"configuration agrégée, jamais répétition brute",descriptif uniquement ; interactions et grille expérimentale peuvent masquer ou créer une tendance
sha256:521523737c9f1da4288d04f12329d836e6b69841371b54dfc1bb5173a6691b36,toutes_activations,spearman,test_accuracy_mean,test_loss_mean,-0.9621305327035073,300,"configuration agrégée, jamais répétition brute",descriptif uniquement ; interactions et grille expérimentale peuvent masquer ou créer une tendance
sha256:521523737c9f1da4288d04f12329d836e6b69841371b54dfc1bb5173a6691b36,toutes_activations,spearman,test_accuracy_mean,duration_seconds_mean,0.4578300774403044,300,"configuration agrégée, jamais répétition brute",descriptif uniquement ; interactions et grille expérimentale peuvent masquer ou créer une tendance
sha256:521523737c9f1da4288d04f12329d836e6b69841371b54dfc1bb5173a6691b36,toutes_activations,spearman,test_accuracy_mean,epochs_completed_mean,0.075148246079869,300,"configuration agrégée, jamais répétition brute",descriptif uniquement ; interactions et grille expérimentale peuvent masquer ou créer une tendance
sha256:521523737c9f1da4288d04f12329d836e6b69841371b54dfc1bb5173a6691b36,toutes_activations,spearman,test_loss_mean,duration_seconds_mean,-0.4514196824409159,300,"configuration agrégée, jamais répétition brute",descriptif uniquement ; interactions et grille expérimentale peuvent masquer ou créer une tendance
sha256:521523737c9f1da4288d04f12329d836e6b69841371b54dfc1bb5173a6691b36,toutes_activations,spearman,test_loss_mean,epochs_completed_mean,-0.15183077482992707,300,"configuration agrégée, jamais répétition brute",descriptif uniquement ; interactions et grille expérimentale peuvent masquer ou créer une tendance
sha256:521523737c9f1da4288d04f12329d836e6b69841371b54dfc1bb5173a6691b36,toutes_activations,spearman,duration_seconds_mean,epochs_completed_mean,0.21061709960981626,300,"configuration agrégée, jamais répétition brute",descriptif uniquement ; interactions et grille expérimentale peuvent masquer ou créer une tendance
sha256:521523737c9f1da4288d04f12329d836e6b69841371b54dfc1bb5173a6691b36,activation_relu,spearman,log2_filter_1,log2_filter_2,0.0,150,"configuration agrégée, jamais répétition brute",descriptif uniquement ; interactions et grille expérimentale peuvent masquer ou créer une tendance
sha256:521523737c9f1da4288d04f12329d836e6b69841371b54dfc1bb5173a6691b36,activation_relu,spearman,log2_filter_1,dropout,0.0,150,"configuration agrégée, jamais répétition brute",descriptif uniquement ; interactions et grille expérimentale peuvent masquer ou créer une tendance
sha256:521523737c9f1da4288d04f12329d836e6b69841371b54dfc1bb5173a6691b36,activation_relu,spearman,log2_filter_1,log10_model_parameters,0.6460568708519551,150,"configuration agrégée, jamais répétition brute",descriptif uniquement ; interactions et grille expérimentale peuvent masquer ou créer une tendance
sha256:521523737c9f1da4288d04f12329d836e6b69841371b54dfc1bb5173a6691b36,activation_relu,spearman,log2_filter_1,test_accuracy_mean,0.43090819210442116,150,"configuration agrégée, jamais répétition brute",descriptif uniquement ; interactions et grille expérimentale peuvent masquer ou créer une tendance
sha256:521523737c9f1da4288d04f12329d836e6b69841371b54dfc1bb5173a6691b36,activation_relu,spearman,log2_filter_1,test_loss_mean,-0.40257282077437384,150,"configuration agrégée, jamais répétition brute",descriptif uniquement ; interactions et grille expérimentale peuvent masquer ou créer une tendance
sha256:521523737c9f1da4288d04f12329d836e6b69841371b54dfc1bb5173a6691b36,activation_relu,spearman,log2_filter_1,duration_seconds_mean,0.7894141540949063,150,"configuration agrégée, jamais répétition brute",descriptif uniquement ; interactions et grille expérimentale peuvent masquer ou créer une tendance
sha256:521523737c9f1da4288d04f12329d836e6b69841371b54dfc1bb5173a6691b36,activation_relu,spearman,log2_filter_1,epochs_completed_mean,-0.3721862306245109,150,"configuration agrégée, jamais répétition brute",descriptif uniquement ; interactions et grille expérimentale peuvent masquer ou créer une tendance
sha256:521523737c9f1da4288d04f12329d836e6b69841371b54dfc1bb5173a6691b36,activation_relu,spearman,log2_filter_2,dropout,0.0,150,"configuration agrégée, jamais répétition brute",descriptif uniquement ; interactions et grille expérimentale peuvent masquer ou créer une tendance
sha256:521523737c9f1da4288d04f12329d836e6b69841371b54dfc1bb5173a6691b36,activation_relu,spearman,log2_filter_2,log10_model_parameters,0.7488713544559286,150,"configuration agrégée, jamais répétition brute",descriptif uniquement ; interactions et grille expérimentale peuvent masquer ou créer une tendance
sha256:521523737c9f1da4288d04f12329d836e6b69841371b54dfc1bb5173a6691b36,activation_relu,spearman,log2_filter_2,test_accuracy_mean,0.442789076178989,150,"configuration agrégée, jamais répétition brute",descriptif uniquement ; interactions et grille expérimentale peuvent masquer ou créer une tendance
sha256:521523737c9f1da4288d04f12329d836e6b69841371b54dfc1bb5173a6691b36,activation_relu,spearman,log2_filter_2,test_loss_mean,-0.31441260378695496,150,"configuration agrégée, jamais répétition brute",descriptif uniquement ; interactions et grille expérimentale peuvent masquer ou créer une tendance
sha256:521523737c9f1da4288d04f12329d836e6b69841371b54dfc1bb5173a6691b36,activation_relu,spearman,log2_filter_2,duration_seconds_mean,0.07914749409733943,150,"configuration agrégée, jamais répétition brute",descriptif uniquement ; interactions et grille expérimentale peuvent masquer ou créer une tendance
sha256:521523737c9f1da4288d04f12329d836e6b69841371b54dfc1bb5173a6691b36,activation_relu,spearman,log2_filter_2,epochs_completed_mean,-0.40138929224858755,150,"configuration agrégée, jamais répétition brute",descriptif uniquement ; interactions et grille expérimentale peuvent masquer ou créer une tendance
sha256:521523737c9f1da4288d04f12329d836e6b69841371b54dfc1bb5173a6691b36,activation_relu,spearman,dropout,log10_model_parameters,0.0,150,"configuration agrégée, jamais répétition brute",descriptif uniquement ; interactions et grille expérimentale peuvent masquer ou créer une tendance
sha256:521523737c9f1da4288d04f12329d836e6b69841371b54dfc1bb5173a6691b36,activation_relu,spearman,dropout,test_accuracy_mean,0.2569189291145517,150,"configuration agrégée, jamais répétition brute",descriptif uniquement ; interactions et grille expérimentale peuvent masquer ou créer une tendance
sha256:521523737c9f1da4288d04f12329d836e6b69841371b54dfc1bb5173a6691b36,activation_relu,spearman,dropout,test_loss_mean,-0.3217068020050041,150,"configuration agrégée, jamais répétition brute",descriptif uniquement ; interactions et grille expérimentale peuvent masquer ou créer une tendance
sha256:521523737c9f1da4288d04f12329d836e6b69841371b54dfc1bb5173a6691b36,activation_relu,spearman,dropout,duration_seconds_mean,0.3522988870687626,150,"configuration agrégée, jamais répétition brute",descriptif uniquement ; interactions et grille expérimentale peuvent masquer ou créer une tendance
sha256:521523737c9f1da4288d04f12329d836e6b69841371b54dfc1bb5173a6691b36,activation_relu,spearman,dropout,epochs_completed_mean,0.5399615628968056,150,"configuration agrégée, jamais répétition brute",descriptif uniquement ; interactions et grille expérimentale peuvent masquer ou créer une tendance
sha256:521523737c9f1da4288d04f12329d836e6b69841371b54dfc1bb5173a6691b36,activation_relu,spearman,log10_model_parameters,test_accuracy_mean,0.6114610426603604,150,"configuration agrégée, jamais répétition brute",descriptif uniquement ; interactions et grille expérimentale peuvent masquer ou créer une tendance
sha256:521523737c9f1da4288d04f12329d836e6b69841371b54dfc1bb5173a6691b36,activation_relu,spearman,log10_model_parameters,test_loss_mean,-0.4924712757068193,150,"configuration agrégée, jamais répétition brute",descriptif uniquement ; interactions et grille expérimentale peuvent masquer ou créer une tendance
sha256:521523737c9f1da4288d04f12329d836e6b69841371b54dfc1bb5173a6691b36,activation_relu,spearman,log10_model_parameters,duration_seconds_mean,0.5779606817513904,150,"configuration agrégée, jamais répétition brute",descriptif uniquement ; interactions et grille expérimentale peuvent masquer ou créer une tendance
sha256:521523737c9f1da4288d04f12329d836e6b69841371b54dfc1bb5173a6691b36,activation_relu,spearman,log10_model_parameters,epochs_completed_mean,-0.5393892486903371,150,"configuration agrégée, jamais répétition brute",descriptif uniquement ; interactions et grille expérimentale peuvent masquer ou créer une tendance
sha256:521523737c9f1da4288d04f12329d836e6b69841371b54dfc1bb5173a6691b36,activation_relu,spearman,test_accuracy_mean,test_loss_mean,-0.9553042563129882,150,"configuration agrégée, jamais répétition brute",descriptif uniquement ; interactions et grille expérimentale peuvent masquer ou créer une tendance
sha256:521523737c9f1da4288d04f12329d836e6b69841371b54dfc1bb5173a6691b36,activation_relu,spearman,test_accuracy_mean,duration_seconds_mean,0.569476163038229,150,"configuration agrégée, jamais répétition brute",descriptif uniquement ; interactions et grille expérimentale peuvent masquer ou créer une tendance
sha256:521523737c9f1da4288d04f12329d836e6b69841371b54dfc1bb5173a6691b36,activation_relu,spearman,test_accuracy_mean,epochs_completed_mean,0.02867809886773737,150,"configuration agrégée, jamais répétition brute",descriptif uniquement ; interactions et grille expérimentale peuvent masquer ou créer une tendance
sha256:521523737c9f1da4288d04f12329d836e6b69841371b54dfc1bb5173a6691b36,activation_relu,spearman,test_loss_mean,duration_seconds_mean,-0.5460136006044712,150,"configuration agrégée, jamais répétition brute",descriptif uniquement ; interactions et grille expérimentale peuvent masquer ou créer une tendance
sha256:521523737c9f1da4288d04f12329d836e6b69841371b54dfc1bb5173a6691b36,activation_relu,spearman,test_loss_mean,epochs_completed_mean,-0.12282847938146672,150,"configuration agrégée, jamais répétition brute",descriptif uniquement ; interactions et grille expérimentale peuvent masquer ou créer une tendance
sha256:521523737c9f1da4288d04f12329d836e6b69841371b54dfc1bb5173a6691b36,activation_relu,spearman,duration_seconds_mean,epochs_completed_mean,0.13016021671058686,150,"configuration agrégée, jamais répétition brute",descriptif uniquement ; interactions et grille expérimentale peuvent masquer ou créer une tendance
sha256:521523737c9f1da4288d04f12329d836e6b69841371b54dfc1bb5173a6691b36,activation_softmax,spearman,log2_filter_1,log2_filter_2,0.0,150,"configuration agrégée, jamais répétition brute",descriptif uniquement ; interactions et grille expérimentale peuvent masquer ou créer une tendance
sha256:521523737c9f1da4288d04f12329d836e6b69841371b54dfc1bb5173a6691b36,activation_softmax,spearman,log2_filter_1,dropout,0.0,150,"configuration agrégée, jamais répétition brute",descriptif uniquement ; interactions et grille expérimentale peuvent masquer ou créer une tendance
sha256:521523737c9f1da4288d04f12329d836e6b69841371b54dfc1bb5173a6691b36,activation_softmax,spearman,log2_filter_1,log10_model_parameters,0.6460568708519551,150,"configuration agrégée, jamais répétition brute",descriptif uniquement ; interactions et grille expérimentale peuvent masquer ou créer une tendance
sha256:521523737c9f1da4288d04f12329d836e6b69841371b54dfc1bb5173a6691b36,activation_softmax,spearman,log2_filter_1,test_accuracy_mean,0.20690129225785941,150,"configuration agrégée, jamais répétition brute",descriptif uniquement ; interactions et grille expérimentale peuvent masquer ou créer une tendance
sha256:521523737c9f1da4288d04f12329d836e6b69841371b54dfc1bb5173a6691b36,activation_softmax,spearman,log2_filter_1,test_loss_mean,-0.1900850504093085,150,"configuration agrégée, jamais répétition brute",descriptif uniquement ; interactions et grille expérimentale peuvent masquer ou créer une tendance
sha256:521523737c9f1da4288d04f12329d836e6b69841371b54dfc1bb5173a6691b36,activation_softmax,spearman,log2_filter_1,duration_seconds_mean,0.8237619863007144,150,"configuration agrégée, jamais répétition brute",descriptif uniquement ; interactions et grille expérimentale peuvent masquer ou créer une tendance
sha256:521523737c9f1da4288d04f12329d836e6b69841371b54dfc1bb5173a6691b36,activation_softmax,spearman,log2_filter_1,epochs_completed_mean,-0.23718651844063257,150,"configuration agrégée, jamais répétition brute",descriptif uniquement ; interactions et grille expérimentale peuvent masquer ou créer une tendance
sha256:521523737c9f1da4288d04f12329d836e6b69841371b54dfc1bb5173a6691b36,activation_softmax,spearman,log2_filter_2,dropout,0.0,150,"configuration agrégée, jamais répétition brute",descriptif uniquement ; interactions et grille expérimentale peuvent masquer ou créer une tendance
sha256:521523737c9f1da4288d04f12329d836e6b69841371b54dfc1bb5173a6691b36,activation_softmax,spearman,log2_filter_2,log10_model_parameters,0.7488713544559286,150,"configuration agrégée, jamais répétition brute",descriptif uniquement ; interactions et grille expérimentale peuvent masquer ou créer une tendance
sha256:521523737c9f1da4288d04f12329d836e6b69841371b54dfc1bb5173a6691b36,activation_softmax,spearman,log2_filter_2,test_accuracy_mean,0.552799870956896,150,"configuration agrégée, jamais répétition brute",descriptif uniquement ; interactions et grille expérimentale peuvent masquer ou créer une tendance
sha256:521523737c9f1da4288d04f12329d836e6b69841371b54dfc1bb5173a6691b36,activation_softmax,spearman,log2_filter_2,test_loss_mean,-0.5238758481380982,150,"configuration agrégée, jamais répétition brute",descriptif uniquement ; interactions et grille expérimentale peuvent masquer ou créer une tendance
sha256:521523737c9f1da4288d04f12329d836e6b69841371b54dfc1bb5173a6691b36,activation_softmax,spearman,log2_filter_2,duration_seconds_mean,-0.01045138849153313,150,"configuration agrégée, jamais répétition brute",descriptif uniquement ; interactions et grille expérimentale peuvent masquer ou créer une tendance
sha256:521523737c9f1da4288d04f12329d836e6b69841371b54dfc1bb5173a6691b36,activation_softmax,spearman,log2_filter_2,epochs_completed_mean,-0.4447144120347018,150,"configuration agrégée, jamais répétition brute",descriptif uniquement ; interactions et grille expérimentale peuvent masquer ou créer une tendance
sha256:521523737c9f1da4288d04f12329d836e6b69841371b54dfc1bb5173a6691b36,activation_softmax,spearman,dropout,log10_model_parameters,0.0,150,"configuration agrégée, jamais répétition brute",descriptif uniquement ; interactions et grille expérimentale peuvent masquer ou créer une tendance
sha256:521523737c9f1da4288d04f12329d836e6b69841371b54dfc1bb5173a6691b36,activation_softmax,spearman,dropout,test_accuracy_mean,0.13704297007766247,150,"configuration agrégée, jamais répétition brute",descriptif uniquement ; interactions et grille expérimentale peuvent masquer ou créer une tendance
sha256:521523737c9f1da4288d04f12329d836e6b69841371b54dfc1bb5173a6691b36,activation_softmax,spearman,dropout,test_loss_mean,-0.21272930325474726,150,"configuration agrégée, jamais répétition brute",descriptif uniquement ; interactions et grille expérimentale peuvent masquer ou créer une tendance
sha256:521523737c9f1da4288d04f12329d836e6b69841371b54dfc1bb5173a6691b36,activation_softmax,spearman,dropout,duration_seconds_mean,0.289808293379804,150,"configuration agrégée, jamais répétition brute",descriptif uniquement ; interactions et grille expérimentale peuvent masquer ou créer une tendance
sha256:521523737c9f1da4288d04f12329d836e6b69841371b54dfc1bb5173a6691b36,activation_softmax,spearman,dropout,epochs_completed_mean,0.457217739273001,150,"configuration agrégée, jamais répétition brute",descriptif uniquement ; interactions et grille expérimentale peuvent masquer ou créer une tendance
sha256:521523737c9f1da4288d04f12329d836e6b69841371b54dfc1bb5173a6691b36,activation_softmax,spearman,log10_model_parameters,test_accuracy_mean,0.5343705234333127,150,"configuration agrégée, jamais répétition brute",descriptif uniquement ; interactions et grille expérimentale peuvent masquer ou créer une tendance
sha256:521523737c9f1da4288d04f12329d836e6b69841371b54dfc1bb5173a6691b36,activation_softmax,spearman,log10_model_parameters,test_loss_mean,-0.5003158092202725,150,"configuration agrégée, jamais répétition brute",descriptif uniquement ; interactions et grille expérimentale peuvent masquer ou créer une tendance
sha256:521523737c9f1da4288d04f12329d836e6b69841371b54dfc1bb5173a6691b36,activation_softmax,spearman,log10_model_parameters,duration_seconds_mean,0.5295949524473561,150,"configuration agrégée, jamais répétition brute",descriptif uniquement ; interactions et grille expérimentale peuvent masquer ou créer une tendance
sha256:521523737c9f1da4288d04f12329d836e6b69841371b54dfc1bb5173a6691b36,activation_softmax,spearman,log10_model_parameters,epochs_completed_mean,-0.49277194455813694,150,"configuration agrégée, jamais répétition brute",descriptif uniquement ; interactions et grille expérimentale peuvent masquer ou créer une tendance
sha256:521523737c9f1da4288d04f12329d836e6b69841371b54dfc1bb5173a6691b36,activation_softmax,spearman,test_accuracy_mean,test_loss_mean,-0.9670869273973699,150,"configuration agrégée, jamais répétition brute",descriptif uniquement ; interactions et grille expérimentale peuvent masquer ou créer une tendance
sha256:521523737c9f1da4288d04f12329d836e6b69841371b54dfc1bb5173a6691b36,activation_softmax,spearman,test_accuracy_mean,duration_seconds_mean,0.35377069635581343,150,"configuration agrégée, jamais répétition brute",descriptif uniquement ; interactions et grille expérimentale peuvent masquer ou créer une tendance
sha256:521523737c9f1da4288d04f12329d836e6b69841371b54dfc1bb5173a6691b36,activation_softmax,spearman,test_accuracy_mean,epochs_completed_mean,0.09207580670696407,150,"configuration agrégée, jamais répétition brute",descriptif uniquement ; interactions et grille expérimentale peuvent masquer ou créer une tendance
sha256:521523737c9f1da4288d04f12329d836e6b69841371b54dfc1bb5173a6691b36,activation_softmax,spearman,test_loss_mean,duration_seconds_mean,-0.36588470598693273,150,"configuration agrégée, jamais répétition brute",descriptif uniquement ; interactions et grille expérimentale peuvent masquer ou créer une tendance
sha256:521523737c9f1da4288d04f12329d836e6b69841371b54dfc1bb5173a6691b36,activation_softmax,spearman,test_loss_mean,epochs_completed_mean,-0.15114892976341102,150,"configuration agrégée, jamais répétition brute",descriptif uniquement ; interactions et grille expérimentale peuvent masquer ou créer une tendance
sha256:521523737c9f1da4288d04f12329d836e6b69841371b54dfc1bb5173a6691b36,activation_softmax,spearman,duration_seconds_mean,epochs_completed_mean,0.24631604791683193,150,"configuration agrégée, jamais répétition brute",descriptif uniquement ; interactions et grille expérimentale peuvent masquer ou créer une tendance
