configuration_id,protocol_id,conv_activation,output_activation,filter_1,filter_2,dropout,log2_filter_1,log2_filter_2,model_parameters,log10_model_parameters,runs_completed,runs_failed,test_accuracy_mean,test_accuracy_std,test_accuracy_sem,test_accuracy_ci95_low,test_accuracy_ci95_high,test_loss_mean,test_loss_std,test_loss_sem,test_loss_ci95_low,test_loss_ci95_high,best_val_accuracy_mean,validation_test_gap,duration_seconds_mean,duration_seconds_std,duration_seconds_sem,duration_seconds_ci95_low,duration_seconds_ci95_high,epochs_completed_mean,epochs_completed_std,epochs_completed_sem,epochs_completed_ci95_low,epochs_completed_ci95_high,analysis_grain,runs_attempted,runs_expected,attempt_duration_seconds_mean,attempt_duration_seconds_std,test_accuracy_min,test_accuracy_max,best_val_accuracy_std,best_val_loss_mean,best_val_loss_std,attempts_complete,is_complete
legacy-v1__act_relu__f1_4__f2_8__dropout_0p4,legacy-v1,relu,softmax,4,8,0.4,2.0,3.0,2250,3.3521825181113627,3,0,0.9838333328564962,0.0020033476120892863,0.0011566332831201434,0.9788563398392303,0.9888103258737622,0.05169839908679324,0.006270758007700731,0.0036204238237690185,0.036119715373115154,0.06727708280047133,0.9831481575965881,-0.0006851752599080774,37.716,9.86217841047301,5.693931360082709,13.215013357564107,62.2169866424359,15.333333333333334,3.055050463303893,1.7638342073763937,7.743554738992712,22.923111927673958,une ligne par configuration,3,3,37.716,9.86217841047301,0.9822999835014344,0.9861000180244446,0.0011984239382908234,0.0572391388316949,0.004779669561833333,True,True
legacy-v1__act_relu__f1_4__f2_16__dropout_0p4,legacy-v1,relu,softmax,4,16,0.4,2.0,4.0,4370,3.640481436970422,3,0,0.9880666732788086,0.0003785884907932546,0.0002185781670715797,0.9871261314258996,0.9890072151317176,0.03661114598313964,0.0014613525339555746,0.0008437122788601928,0.032980652047204226,0.04024163991907505,0.9879259268442789,-0.0001407464345296594,47.524,6.8676801760128585,3.9650569983292807,30.462359736189107,64.58564026381089,14.666666666666666,2.8867513459481287,1.6666666666666667,7.494999999999999,21.83833333333333,une ligne par configuration,3,3,47.524,6.8676801760128585,0.9878000020980836,0.9884999990463256,0.0006119385926061382,0.0419743694365024,0.0012786270535277155,True,True
legacy-v1__act_relu__f1_4__f2_24__dropout_0p4,legacy-v1,relu,softmax,4,24,0.4,2.0,4.584962500721156,6490,3.812244696800369,3,0,0.9879666765530905,0.0028571434977740953,0.001649572567553263,0.9808685657949088,0.9950647873112721,0.03530359081923957,0.007255182845203674,0.004188781768698297,0.017279262868530796,0.05332791876994834,0.9878888924916586,-7.778406143188477e-05,50.65366666666667,23.520184785271848,13.579385017166443,0.0,109.08576039553387,13.666666666666666,5.131601439446884,2.96273147243853,0.9180331407636722,26.41530019256966,une ligne par configuration,3,3,50.65366666666667,23.520184785271848,0.9847000241279602,0.9900000095367432,0.0020366762549918725,0.039982857803503635,0.00592074889143174,True,True
legacy-v1__act_relu__f1_4__f2_32__dropout_0p4,legacy-v1,relu,softmax,4,32,0.4,2.0,5.0,8610,3.935003151453655,3,0,0.9909666577974957,0.0004509403191084804,0.0002603505146257369,0.9898463695330612,0.9920869460619303,0.027989873041709232,0.0019053060421012982,0.001100028956295805,0.023256448442768383,0.03272329764065008,0.990148146947225,-0.0008185108502707372,49.042,10.153038510711951,5.861859517252182,23.81841849726386,74.26558150273614,15.0,2.6457513110645907,1.5275252316519468,8.427058928201674,21.572941071798326,une ligne par configuration,3,3,49.042,10.153038510711951,0.9904999732971193,0.9914000034332277,0.0004490766559278366,0.0369937941431999,0.0016062534437974538,True,True
legacy-v1__act_relu__f1_4__f2_40__dropout_0p4,legacy-v1,relu,softmax,4,40,0.4,2.0,5.321928094887363,10730,4.0305997219659515,3,0,0.9896999994913737,0.0011999905110639663,0.0006928148445877776,0.9867188172151125,0.9926811817676349,0.03171158830324807,0.0028365113818357205,0.0016376606098622906,0.024664734699010635,0.03875844190748551,0.9893703858057658,-0.00032961368560791016,50.160666666666664,16.288214768148574,9.404005181009017,9.695232372784865,90.62610096054846,13.666666666666666,4.163331998932265,2.4037008503093262,3.3235419077856356,24.009791425547697,une ligne par configuration,3,3,50.160666666666664,16.288214768148574,0.9884999990463256,0.9908999800682068,0.001785855428461984,0.036626091847817066,0.0024931023743150395,True,True
legacy-v1__act_relu__f1_4__f2_48__dropout_0p4,legacy-v1,relu,softmax,4,48,0.4,2.0,5.584962500721156,12850,4.108903127667313,3,0,0.9896000027656555,0.001571624368821509,0.000907377752404074,0.9856955562970607,0.9935044492342503,0.031125682095686533,0.005081635673830595,0.0029338837242096996,0.018501180430412198,0.04375018376096087,0.9886666735013326,-0.0009333292643228797,38.07633333333333,7.074312286952937,4.084356103203755,20.50134902124757,55.65131764541909,10.0,1.7320508075688772,1.0,5.697,14.303,une ligne par configuration,3,3,38.07633333333333,7.074312286952937,0.9878000020980836,0.9907000064849854,0.0011758718293860089,0.03968538592259086,0.005717002478435736,True,True
legacy-v1__act_relu__f1_4__f2_64__dropout_0p4,legacy-v1,relu,softmax,4,64,0.4,2.0,6.0,17090,4.232742062720737,3,0,0.9888000090916952,0.0011269578767622909,0.0006506494335140777,0.9860002645792841,0.9915997536041062,0.03518717301388577,0.0049714756291051095,0.002870282792733499,0.022836346156753524,0.04753799987101802,0.9887407422065735,-5.926688512170042e-05,39.809666666666665,4.987502915621536,2.8795361509181374,27.41902260926592,52.20031072406741,9.0,1.0,0.5773502691896258,6.51566179167704,11.48433820832296,une ligne par configuration,3,3,39.809666666666665,4.987502915621536,0.988099992275238,0.9901000261306764,0.0015329166056657045,0.04262287169694897,0.0028827581403170943,True,True
legacy-v1__act_relu__f1_8__f2_8__dropout_0p4,legacy-v1,relu,softmax,8,8,0.4,3.0,3.0,3170,3.5010592622177517,3,0,0.9854999979337057,0.0008718013832161655,0.0005033347632797412,0.9833341484473129,0.9876658474200984,0.04463356484969453,0.00532688200680425,0.003075476760569808,0.03139978834896265,0.05786734135042641,0.9852592547734579,-0.00024074316024780273,39.258,11.531096738818906,6.657481806208712,10.610855787883917,67.90514421211608,11.0,3.605551275463989,2.0816659994661326,2.0425912042972314,19.95740879570277,une ligne par configuration,3,3,39.258,11.531096738818906,0.9848999977111816,0.9865000247955322,0.0018470152153499187,0.050465459624926205,0.004334474197037796,True,True
legacy-v1__act_relu__f1_8__f2_16__dropout_0p4,legacy-v1,relu,softmax,8,16,0.4,3.0,4.0,6090,3.784617292632875,3,0,0.9890666604042053,0.0021571675096956804,0.0012454412424099158,0.9837075267381155,0.9944257940702952,0.032507334525386435,0.006301559362963399,0.0036382069945213253,0.016852129827961172,0.0481625392228117,0.988777776559194,-0.0002888838450113562,53.434333333333335,9.18038704703311,5.30029893286952,30.62714702519579,76.24151964147089,13.333333333333334,2.0816659994661326,1.2018504251546631,8.16177095389282,18.50489571277385,une ligne par configuration,3,3,53.434333333333335,9.18038704703311,0.9865999817848206,0.9905999898910522,0.0004006125697216651,0.038923371583223294,0.001975265824756777,True,True
legacy-v1__act_relu__f1_8__f2_24__dropout_0p4,legacy-v1,relu,softmax,8,24,0.4,3.0,4.584962500721156,9010,3.954724790979063,3,0,0.9895666837692261,0.0011930418007879294,0.0006888030048393869,0.9866027644394022,0.99253060309905,0.0324035789817571,0.0038249233085613497,0.0022083205018275692,0.02290117586239307,0.041905982101121134,0.9891851743062338,-0.00038150946299231325,36.925666666666665,6.280171122933941,3.6258584883828258,21.323597591155366,52.52773574217797,9.0,2.0,1.1547005383792517,4.03132358335408,13.96867641664592,une ligne par configuration,3,3,36.925666666666665,6.280171122933941,0.9882000088691713,0.9904000163078308,0.0005480926056095859,0.037417907267808866,0.004012400521589434,True,True
legacy-v1__act_relu__f1_8__f2_32__dropout_0p4,legacy-v1,relu,softmax,8,32,0.4,3.0,5.0,11930,4.076640443670342,3,0,0.9897666573524475,0.0003785884907933389,0.00021857816707162838,0.9888261154995382,0.9907071992053568,0.03087323904037473,0.0016713373740596912,0.000964947082820045,0.026721071743000077,0.035025406337749386,0.9892222285270691,-0.000544428825378418,43.355999999999995,10.276665169207375,5.933235401813529,17.82528806599638,68.88671193400361,11.0,2.6457513110645907,1.5275252316519468,4.4270589282016735,17.572941071798326,une ligne par configuration,3,3,43.355999999999995,10.276665169207375,0.9894999861717224,0.9901999831199646,0.0012018625044050615,0.03834272176027293,0.0037654340262979545,True,True
legacy-v1__act_relu__f1_8__f2_40__dropout_0p4,legacy-v1,relu,softmax,8,40,0.4,3.0,5.321928094887363,14850,4.171726453653231,3,0,0.991266667842865,0.000971265324172992,0.0005607602963658261,0.9888537162876029,0.9936796193981271,0.02621508141358687,0.000926816062558874,0.000535097503207635,0.02391255685728442,0.028517605969889323,0.990407407283783,-0.0008592605590820312,52.109,8.98156979597665,5.185511739452531,29.79574298513576,74.42225701486424,12.666666666666666,2.3094010767585034,1.3333333333333335,6.929333333333332,18.404,une ligne par configuration,3,3,52.109,8.98156979597665,0.9901999831199646,0.9921000003814696,0.0006697287456549042,0.03531974926590913,0.002214786463564823,True,True
legacy-v1__act_relu__f1_8__f2_48__dropout_0p4,legacy-v1,relu,softmax,8,48,0.4,3.0,5.584962500721156,17770,4.249687427805301,3,0,0.9897666772206625,0.00020816773780099463,0.00012018569945599969,0.9892495181559033,0.9902838362854216,0.0298178847879171,0.002573994066543941,0.001486096167211644,0.023423212980405395,0.0362125565954288,0.9896296064058939,-0.00013707081476854732,35.15266666666667,0.6042071940430181,0.348839186127045,33.65161164876199,36.653721684571344,8.0,0.0,0.0,8.0,8.0,une ligne par configuration,3,3,35.15266666666667,0.6042071940430181,0.9896000027656556,0.9900000095367432,0.0007804216352917579,0.038411234815915365,0.0027990228328987465,True,True
legacy-v1__act_relu__f1_8__f2_64__dropout_0p4,legacy-v1,relu,softmax,8,64,0.4,3.0,6.0,23610,4.373095987078727,3,0,0.9896000027656555,0.0009643674940094321,0.0005567778322640705,0.9872041877534232,0.9919958177778878,0.03206868655979627,0.0034018315110140394,0.001964048338621707,0.023617386558707064,0.04051998656088548,0.9890000025431315,-0.0006000002225240442,38.31366666666667,9.336224843764922,5.39027192676255,15.11932656580742,61.50800676752592,8.0,2.0,1.1547005383792517,3.03132358335408,12.96867641664592,une ligne par configuration,3,3,38.31366666666667,9.336224843764922,0.9884999990463256,0.9902999997138976,0.001539626779767569,0.039748559395472165,0.003129463904716937,True,True
legacy-v1__act_relu__f1_12__f2_8__dropout_0p4,legacy-v1,relu,softmax,12,8,0.4,3.584962500721156,3.0,4090,3.611723308007342,3,0,0.9866333405176798,0.0010016817401534875,0.0005783212223199488,0.9841448242980371,0.9891218567373226,0.04017301897207893,0.004938694325472854,0.0028513564982570296,0.02790363196007893,0.05244240598407893,0.9871851801872253,0.0005518396695455285,41.91,5.01086289974092,2.8930230440377294,29.461321841505647,54.35867815849434,10.666666666666666,1.1547005383792515,0.6666666666666666,7.798,13.535333333333332,une ligne par configuration,3,3,41.91,5.01086289974092,0.9855999946594238,0.987600028514862,0.0005250862005159325,0.04608410596847531,0.003627190740250623,True,True
legacy-v1__act_relu__f1_12__f2_16__dropout_0p4,legacy-v1,relu,softmax,12,16,0.4,3.584962500721156,4.0,7810,3.8926510338773004,3,0,0.9908666610717773,0.00037858849079336945,0.00021857816707164602,0.9899261192188681,0.9918072029246866,0.028557760020097033,0.001814169840763072,0.0010474114459202602,0.024050748568302152,0.033064771471891914,0.9899999896685282,-0.0008666714032491418,69.80266666666667,21.643626436744224,12.49595354949398,16.032578543194077,123.57275479013926,16.333333333333332,4.725815626252609,2.728450923957484,4.592809007544279,28.073857659122385,une ligne par configuration,3,3,69.80266666666667,21.643626436744224,0.9905999898910522,0.9912999868392944,0.0012813908318964156,0.0343877399961153,0.004349667551987262,True,True
legacy-v1__act_relu__f1_12__f2_24__dropout_0p4,legacy-v1,relu,softmax,12,24,0.4,3.584962500721156,4.584962500721156,11530,4.061829307294699,3,0,0.9908999800682068,0.001100003719329834,0.0006350874434646693,0.9881671987989783,0.9936327613374353,0.02820377734800177,0.002948470708323238,0.0017023003571481482,0.020878778911193288,0.03552877578481025,0.9900000095367432,-0.000899970531463623,55.12733333333333,25.503179337747937,14.724267455840074,0.0,118.48585619581317,12.666666666666666,6.429100507328636,3.711842908553348,0.0,28.638726702171724,une ligne par configuration,3,3,55.12733333333333,25.503179337747937,0.989799976348877,0.9919999837875366,0.0016367675825675317,0.03470263257622713,0.0034786266654201923,True,True
legacy-v1__act_relu__f1_12__f2_32__dropout_0p4,legacy-v1,relu,softmax,12,32,0.4,3.584962500721156,5.0,15250,4.183269843682805,3,0,0.9899999896685282,0.0004358733434968699,0.0002516515922005001,0.9889171328672894,0.991082846469767,0.031414134427905,0.0021387112060767973,0.0012347854905473082,0.02610085246207993,0.03672741639373007,0.9884444276491801,-0.0015555620193481445,35.10166666666667,2.6567145750594516,1.5338548750705767,28.501489139237975,41.70184419409536,7.666666666666667,0.5773502691896258,0.33333333333333337,6.232333333333333,9.101,une ligne par configuration,3,3,35.10166666666667,2.6567145750594516,0.9897000193595886,0.9904999732971193,0.0020757263640621667,0.03814683606227234,0.0020034628828652663,True,True
legacy-v1__act_relu__f1_12__f2_40__dropout_0p4,legacy-v1,relu,softmax,12,40,0.4,3.584962500721156,5.321928094887363,18970,4.278067330888662,3,0,0.9903000195821127,0.001951917764114568,0.0011269402465475583,0.9854507957012185,0.9951492434630068,0.029896164312958634,0.00609853890655298,0.003520993079361769,0.014745331092464942,0.04504699753345233,0.9897777835528055,-0.0005222360293071215,40.788999999999994,9.91861013448961,5.726512231134527,16.147817869428124,65.43018213057186,8.333333333333334,2.0816659994661326,1.2018504251546631,3.1617709538928187,13.504895712773848,une ligne par configuration,3,3,40.788999999999994,9.91861013448961,0.9883000254631042,0.9922000169754028,0.0015030646337342891,0.035886432975530604,0.003444016481266772,True,True
legacy-v1__act_relu__f1_12__f2_48__dropout_0p4,legacy-v1,relu,softmax,12,48,0.4,3.584962500721156,5.584962500721156,22690,4.3558344958849355,3,0,0.9904333551724752,0.0019087531176414701,0.0011020191262868402,0.9856913668720629,0.9951753434728875,0.029158061991135232,0.004657957415619097,0.0026892729677814994,0.01758612041077144,0.04073000357149902,0.9899999896685282,-0.0004333655039470141,45.80533333333333,12.695365703016726,7.32967280609745,14.265751248696006,77.34491541797065,8.666666666666666,2.5166114784235836,1.452966314513558,2.4145526153148262,14.918780718018507,une ligne par configuration,3,3,45.80533333333333,12.695365703016726,0.9890000224113464,0.9926000237464904,0.0013922077073083015,0.03668017685413353,0.004402893153290238,True,True
legacy-v1__act_relu__f1_12__f2_64__dropout_0p4,legacy-v1,relu,softmax,12,64,0.4,3.584962500721156,6.0,30130,4.4789991316733575,3,0,0.988966683546702,0.001594774963378304,0.0009207437544033394,0.9850047231715044,0.9929286439218996,0.03179067497452097,0.0038358081739876906,0.00221460488181156,0.022261230168085823,0.041320119780956115,0.9897777835528055,0.0008111000061035156,46.87033333333333,6.706047444906227,3.8717382975150127,30.210243439126227,63.530423227540425,8.0,1.0,0.5773502691896258,5.51566179167704,10.48433820832296,une ligne par configuration,3,3,46.87033333333333,6.706047444906227,0.9872000217437744,0.9902999997138976,0.00019247055384972702,0.037483618905146864,0.0037674888893480998,True,True
legacy-v1__act_relu__f1_16__f2_8__dropout_0p4,legacy-v1,relu,softmax,16,8,0.4,4.0,3.0,5010,3.699837725867246,3,0,0.9872666796048483,0.0016563072454040299,0.0009562694339947443,0.9831518522303688,0.9913815069793277,0.03737359121441836,0.004375877538535672,0.0025264140748144075,0.026502431450491967,0.048244750978344755,0.9867037137349447,-0.0005629658699035645,56.43366666666666,23.009820388984643,13.284725995585223,0.0,113.59784262566987,13.0,5.291502622129181,3.0550504633038935,0.0,26.14588214359665,une ligne par configuration,3,3,56.43366666666666,23.009820388984643,0.9857000112533568,0.9890000224113464,0.0022780172903964007,0.04443604499101633,0.005595553537896597,True,True
legacy-v1__act_relu__f1_16__f2_16__dropout_0p4,legacy-v1,relu,softmax,16,16,0.4,4.0,4.0,9530,3.979092900638326,3,0,0.9907333254814148,0.0006428931206108657,0.00037117451624484185,0.9891361615380132,0.9923304894248164,0.028867586205402963,0.0019583314320361037,0.00113064317944855,0.02400242860423585,0.03373274380657007,0.9895555377006531,-0.0011777877807617188,62.77466666666667,7.375766016715374,4.258400495230315,44.45076933569062,81.09856399764271,12.666666666666666,1.5275252316519468,0.881917103688197,8.871777369496355,16.46155596383698,une ligne par configuration,3,3,62.77466666666667,7.375766016715374,0.9900000095367432,0.9911999702453612,0.00011110305786135588,0.0339045350750287,0.0013175198377629775,True,True
legacy-v1__act_relu__f1_16__f2_24__dropout_0p4,legacy-v1,relu,softmax,16,24,0.4,4.0,4.584962500721156,14050,4.1476763242410986,3,0,0.9906333287556967,0.002450159438156892,0.001414600211177384,0.9845463040470004,0.9967203534643929,0.029472722361485137,0.006628931068298877,0.0038272151367218306,0.013004215628171101,0.04594122909479917,0.9887407422065735,-0.0018925865491231653,47.14366666666666,14.541419783959658,8.395492626668458,11.017861894112286,83.26947143922104,9.666666666666666,3.055050463303893,1.7638342073763937,2.076888072326044,17.256445261007286,une ligne par configuration,3,3,47.14366666666666,14.541419783959658,0.9882000088691713,0.9930999875068665,0.0020497923128923266,0.037698861211538266,0.004905295834780792,True,True
legacy-v1__act_relu__f1_16__f2_32__dropout_0p4,legacy-v1,relu,softmax,16,32,0.4,4.0,5.0,18570,4.26881190373978,3,0,0.991099993387858,9.998679309115517e-05,5.772740190658586e-05,0.990851592377454,0.9913483943982621,0.027498384937643932,0.001422876744541829,0.0008214982714848834,0.023963477875444478,0.031033291999843386,0.9896666804949442,-0.0014333128929138184,55.17433333333333,8.339101710216356,4.814582617193082,34.4571843315515,75.89148233511516,11.0,1.7320508075688772,1.0,6.697,15.303,une ligne par configuration,3,3,55.17433333333333,8.339101710216356,0.99099999666214,0.9911999702453612,0.000400620834801641,0.03474594652652733,0.0020874807007898112,True,True
legacy-v1__act_relu__f1_16__f2_40__dropout_0p4,legacy-v1,relu,softmax,16,40,0.4,4.0,5.321928094887363,23090,4.3634239329171765,3,0,0.9908666610717773,0.00025167132938411555,0.0001453025097672301,0.9902414243722489,0.9914918977713058,0.0282349754124879,0.0018405546480763759,0.0010626447215251126,0.02366241517576534,0.03280753564921046,0.9900740583737692,-0.0007926026980081824,52.05766666666667,6.601669965496104,3.8114759316802433,35.656885732646586,68.45844760068675,9.0,1.0,0.5773502691896258,6.51566179167704,11.48433820832296,une ligne par configuration,3,3,52.05766666666667,6.601669965496104,0.9905999898910522,0.991100013256073,0.0003571803567966926,0.034714086602131496,0.0008533329884820008,True,True
legacy-v1__act_relu__f1_16__f2_48__dropout_0p4,legacy-v1,relu,softmax,16,48,0.4,4.0,5.584962500721156,27610,4.441066406639263,3,0,0.9906666477521261,0.0006806748299171933,0.0003929877962832943,0.988975621264719,0.9923576742395331,0.029866510381301198,0.0017428869808301054,0.0010062562675493556,0.02553658966203632,0.034196431100566076,0.9893333117167157,-0.0013333360354104151,41.077,3.3854448747542727,1.9545875097660184,32.66640994547682,49.487590054523174,7.333333333333333,0.5773502691896258,0.33333333333333337,5.898999999999999,8.767666666666667,une ligne par configuration,3,3,41.077,3.3854448747542727,0.98989999294281,0.9911999702453612,0.0003849066949418842,0.036360961695512097,0.001350208965384632,True,True
legacy-v1__act_relu__f1_16__f2_64__dropout_0p4,legacy-v1,relu,softmax,16,64,0.4,4.0,6.0,36650,4.564073978977147,3,0,0.9896999994913737,0.0006245127573471376,0.00036056260856672537,0.988148498586711,0.9912515003960363,0.0302781574428081,0.001896837502055526,0.0010951396424207353,0.025565771561471676,0.03499054332414452,0.9894814888636271,-0.00021851062774658203,53.44766666666666,7.2445577044656995,4.182647340833049,35.44973515906206,71.44559817427127,8.666666666666666,1.1547005383792515,0.6666666666666666,5.798,11.535333333333332,une ligne par configuration,3,3,53.44766666666666,7.2445577044656995,0.989199995994568,0.9904000163078308,0.0015166917967214936,0.0367173676689465,0.0017578716646493328,True,True
legacy-v1__act_relu__f1_20__f2_8__dropout_0p4,legacy-v1,relu,softmax,20,8,0.4,4.321928094887363,3.0,5930,3.7730546933642626,3,0,0.9861666560173035,0.0026764617878246933,0.0015452559336763339,0.9795174197346942,0.9928158922999127,0.04152414823571834,0.007563147112900586,0.004366585021553894,0.022734732887971933,0.06031356358346474,0.9866296251614889,0.0004629691441854211,48.847,12.988895141620013,7.499142106490138,16.578191515772943,81.11580848422706,10.0,2.6457513110645907,1.5275252316519468,3.4270589282016735,16.572941071798326,une ligne par configuration,3,3,48.847,12.988895141620013,0.983299970626831,0.9886000156402588,0.0015882560439517681,0.044947423040866796,0.0033894074002863215,True,True
legacy-v1__act_relu__f1_20__f2_16__dropout_0p4,legacy-v1,relu,softmax,20,16,0.4,4.321928094887363,4.0,11250,4.051152522447381,3,0,0.9901666641235352,0.000665819465216505,0.00038441104747444183,0.9885125433862526,0.9918207848608177,0.0307120811194181,0.0012548104539579288,0.0007244651533745667,0.02759470756444734,0.03382945467438886,0.9903333385785421,0.00016667445500695433,58.25933333333333,11.877145293938828,6.857273032659879,28.75248747379787,87.76617919286879,11.333333333333334,2.309401076758503,1.3333333333333333,5.596000000000001,17.070666666666668,une ligne par configuration,3,3,58.25933333333333,11.877145293938828,0.9896000027656556,0.9908999800682068,0.0010599430989163532,0.0341482410828272,0.0029910840466179033,True,True
legacy-v1__act_relu__f1_20__f2_24__dropout_0p4,legacy-v1,relu,softmax,20,24,0.4,4.321928094887363,4.584962500721156,16570,4.219322508419337,3,0,0.9913666645685831,0.0019655471794766282,0.001134809193175741,0.9864835806103479,0.9962497485268184,0.027065679430961567,0.00494204500353695,0.0028532910131393034,0.014787968201423144,0.039343390660499994,0.9899629553159078,-0.0014037092526753003,60.416,18.33375103463554,10.58499609510241,14.86876180277433,105.96323819722566,11.0,3.4641016151377544,2.0,2.394,19.606,une ligne par configuration,3,3,60.416,18.33375103463554,0.98989999294281,0.9936000108718872,0.0016190802828690177,0.03437956608831877,0.005267038299912254,True,True
legacy-v1__act_relu__f1_20__f2_32__dropout_0p4,legacy-v1,relu,softmax,20,32,0.4,4.321928094887363,5.0,21890,4.340245761567932,3,0,0.9906999866167704,0.0002645852419494689,0.00015275836066312812,0.9900426673908369,0.9913573058427039,0.027324595178167002,0.0014703342897345794,0.0008488978979769967,0.023671787523171985,0.03097740283316202,0.9902592698733012,-0.0004407167434692383,53.657000000000004,6.146062235285289,3.5484306859981545,38.38810275814994,68.92589724185007,9.0,1.0,0.5773502691896258,6.51566179167704,11.48433820832296,une ligne par configuration,3,3,53.657000000000004,6.146062235285289,0.9904999732971193,0.99099999666214,0.0005480926056096094,0.03389612833658853,0.002253781670354828,True,True
legacy-v1__act_relu__f1_20__f2_40__dropout_0p4,legacy-v1,relu,softmax,20,40,0.4,4.321928094887363,5.321928094887363,27210,4.434728541779758,3,0,0.991099993387858,0.0005567778322640023,0.00032145583133643806,0.9897167689456173,0.9924832178300987,0.0292482792089382,0.0023982298163491,0.0013846186300477397,0.023290265243842777,0.03520629317403362,0.9902222156524658,-0.0008777777353922156,48.769666666666666,5.71644525324378,3.300391205768055,34.56808330824673,62.971250025086604,8.0,1.0,0.5773502691896258,5.51566179167704,10.48433820832296,une ligne par configuration,3,3,48.769666666666666,5.71644525324378,0.9905999898910522,0.991699993610382,0.0008888840675354004,0.034686847279469135,0.0022207617754483122,True,True
legacy-v1__act_relu__f1_20__f2_48__dropout_0p4,legacy-v1,relu,softmax,20,48,0.4,4.321928094887363,5.584962500721156,32530,4.512284063281854,3,0,0.9922333359718323,0.0018582947863588623,0.0010728869951379674,0.9876167032317537,0.9968499687119109,0.024304377535978933,0.004835630832680303,0.002791852762949627,0.012291035097006688,0.03631771997495118,0.9904074072837831,-0.0018259286880492054,63.20733333333334,10.144713713719737,5.857053193467778,38.004433441841485,88.41023322482519,10.0,1.7320508075688772,1.0,5.697,14.303,une ligne par configuration,3,3,63.20733333333334,10.144713713719737,0.9901000261306764,0.993499994277954,0.0007563300148051906,0.0330414014557997,0.002253084460067067,True,True
legacy-v1__act_relu__f1_20__f2_64__dropout_0p4,legacy-v1,relu,softmax,20,64,0.4,4.321928094887363,6.0,43170,4.635182048656268,3,0,0.9895666639010111,0.0007023746630081086,0.0004055162007597042,0.9878217276891421,0.9913116001128801,0.0327424344917138,0.0013025997275645438,0.0007520563033557226,0.02950633621837413,0.03597853276505348,0.9891111056009928,-0.00045555830001831055,45.01566666666667,10.470067446455797,6.044896258644792,19.00447806571813,71.0268552676152,6.333333333333333,1.5275252316519465,0.8819171036881969,2.538444036163022,10.128222630503643,une ligne par configuration,3,3,45.01566666666667,10.470067446455797,0.9889000058174132,0.9902999997138976,0.0006186277622159365,0.03891374791661894,0.003945522936561596,True,True
legacy-v1__act_relu__f1_24__f2_8__dropout_0p4,legacy-v1,relu,softmax,24,8,0.4,4.584962500721156,3.0,6850,3.8356905714924254,3,0,0.9885333180427551,0.0023072346571062,0.0013320825503638986,0.9828013668285392,0.994265269256971,0.03623960167169567,0.004581925462167408,0.0026453758989891537,0.024856549178345337,0.047622654165046,0.9875925978024801,-0.0009407202402750281,56.01233333333334,14.493950508171794,8.3680862275141,20.004458296340168,92.02020837032651,10.0,2.6457513110645907,1.5275252316519468,3.4270589282016735,16.572941071798326,une ligne par configuration,3,3,56.01233333333334,14.493950508171794,0.9858999848365784,0.9901999831199646,0.001626681001538901,0.04124908149242396,0.0035817777270978892,True,True
legacy-v1__act_relu__f1_24__f2_16__dropout_0p4,legacy-v1,relu,softmax,24,16,0.4,4.584962500721156,4.0,12970,4.11293997608408,3,0,0.989466667175293,0.0009237760678605029,0.0005333423614501953,0.9871716949939727,0.9917616393566132,0.031243602434794068,0.002562080986277593,0.0014792181471129902,0.02487852674776687,0.03760867812182127,0.9892962972323099,-0.00017036994298302854,58.76866666666666,20.37594803520399,11.76405908311885,8.147920432006252,109.38941290132706,10.0,3.605551275463989,2.0816659994661326,1.0425912042972314,18.95740879570277,une ligne par configuration,3,3,58.76866666666666,20.37594803520399,0.9883999824523926,0.9900000095367432,0.001238954631976701,0.036701085666815396,0.004601699562054479,True,True
legacy-v1__act_relu__f1_24__f2_24__dropout_0p4,legacy-v1,relu,softmax,24,24,0.4,4.584962500721156,4.584962500721156,19090,4.280805928393667,3,0,0.9896999994913737,0.0023387949188314427,0.0013503038759666625,0.9838896419130891,0.9955103570696582,0.032691434646646096,0.007851484697640286,0.004533056803720847,0.013185691220235291,0.052197178073056905,0.9890740712483724,-0.0006259282430012281,48.79,28.532195411499625,16.473070701400314,0.0,119.67362322812554,7.666666666666667,4.618802153517007,2.666666666666667,0.0,19.141333333333336,une ligne par configuration,3,3,48.79,28.532195411499625,0.9883000254631042,0.9923999905586244,0.002155494510363083,0.0386978834867477,0.0074934214225560744,True,True
legacy-v1__act_relu__f1_24__f2_32__dropout_0p4,legacy-v1,relu,softmax,24,32,0.4,4.584962500721156,5.0,25210,4.401572845676446,3,0,0.9901666641235352,0.0015884887700503567,0.0009171144189932711,0.9862203207786071,0.9941130074684632,0.029082422455151833,0.0026437811967889185,0.0015263877856445532,0.02251437581352332,0.035650469096780345,0.989814817905426,-0.00035184621810913086,55.589,20.519315120149603,11.846832108205133,4.612081438393311,106.56591856160668,8.333333333333334,3.2145502536643185,1.8559214542766742,0.3473033155808052,16.319363351085862,une ligne par configuration,3,3,55.589,20.519315120149603,0.989199995994568,0.9919999837875366,0.0008630543368395987,0.03561113526423767,0.0025993790700308524,True,True
legacy-v1__act_relu__f1_24__f2_40__dropout_0p4,legacy-v1,relu,softmax,24,40,0.4,4.584962500721156,5.321928094887363,31330,4.495960394881705,3,0,0.9909666577974955,0.0009451623079635436,0.0005456897129306399,0.988618554962755,0.993314760632236,0.0283705554902553,0.0017132635869154934,0.000989153193098444,0.024114229300352695,0.032626881680157906,0.9905185103416443,-0.00044814745585119997,66.851,10.439093638817498,6.0270135224669925,40.916760812824535,92.78523918717546,9.666666666666666,1.5275252316519465,0.8819171036881969,5.871777369496355,13.461555963836977,une ligne par configuration,3,3,66.851,10.439093638817498,0.98989999294281,0.991699993610382,0.001050172401031818,0.0325091034173965,0.002259277337925636,True,True
legacy-v1__act_relu__f1_24__f2_48__dropout_0p4,legacy-v1,relu,softmax,24,48,0.4,4.584962500721156,5.584962500721156,37450,4.573451822035485,3,0,0.9906333287556967,0.00030549721124187925,0.00017637889714717896,0.9898743703612723,0.991392287150121,0.0280444448192914,0.001146264121814238,0.0006617958992918603,0.025196737064638524,0.030892152573944277,0.9897036949793497,-0.0009296337763469165,54.26433333333333,11.182826670092558,6.4564079882788645,26.48240975976938,82.04625690689728,7.333333333333333,1.5275252316519468,0.881917103688197,3.5384440361630216,11.128222630503645,une ligne par configuration,3,3,54.26433333333333,11.182826670092558,0.9902999997138976,0.9908999800682068,0.0010501955240188108,0.03533157706260676,0.0031501322405798945,True,True
legacy-v1__act_relu__f1_24__f2_64__dropout_0p4,legacy-v1,relu,softmax,24,64,0.4,4.584962500721156,6.0,49690,4.696268996745533,3,0,0.9902333418528239,0.0010115954043776784,0.000584044879028441,0.9877201967383644,0.9927464869672833,0.03065801349778963,0.003929292468967834,0.0022685780646833483,0.020896322085457185,0.040419704910122076,0.9902592698733012,2.5928020477294922e-05,59.162,12.337530587601394,7.123076605886907,28.51140136486864,89.81259863513137,7.333333333333333,1.5275252316519468,0.881917103688197,3.5384440361630216,11.128222630503645,une ligne par configuration,3,3,59.162,12.337530587601394,0.9896000027656556,0.9914000034332277,0.0005010222791464637,0.036822331448396,0.0019752480251426906,True,True
legacy-v1__act_relu__f1_32__f2_8__dropout_0p4,legacy-v1,relu,softmax,32,8,0.4,5.0,3.0,8690,3.9390197764486663,3,0,0.9870000084241232,0.002986625594523183,0.001724329090966586,0.9795802203456939,0.9944197965025524,0.0404212834934393,0.0065037834325004295,0.0037549611155051513,0.024263685813420633,0.05657888117345797,0.9860370556513468,-0.0009629527727763598,49.85466666666667,10.435724906940264,6.025068584210844,23.928796548807405,75.78053678452594,8.0,1.7320508075688772,1.0,3.697,12.303,une ligne par configuration,3,3,49.85466666666667,10.435724906940264,0.9836000204086304,0.989199995994568,0.00180647434812188,0.046738954881826965,0.006226042415016939,True,True
legacy-v1__act_relu__f1_32__f2_16__dropout_0p4,legacy-v1,relu,softmax,32,16,0.4,5.0,4.0,16410,4.2151085810530935,3,0,0.9901333252588908,0.00041633547560204927,0.00024037139891203404,0.9890990071293723,0.9911676433884092,0.029217456157008766,0.0024481637807387655,0.0014134480178298182,0.02313538933628706,0.03529952297773047,0.9895926117897034,-0.0005407134691873816,57.34733333333333,16.060078465976847,9.272290625538245,17.448666771642266,97.2459998950244,8.666666666666666,2.081665999466133,1.2018504251546633,3.49510428722615,13.838229046107182,une ligne par configuration,3,3,57.34733333333333,16.060078465976847,0.989799976348877,0.9905999898910522,0.0010676828751583099,0.03534056246280663,0.002705467332765895,True,True
legacy-v1__act_relu__f1_32__f2_24__dropout_0p4,legacy-v1,relu,softmax,32,24,0.4,5.0,4.584962500721156,24130,4.382557321908786,3,0,0.989633321762085,0.0022941934904203596,0.0013245532292672818,0.9839337692165478,0.9953328743076221,0.030019792417685136,0.005184403642866355,0.002993216838796567,0.01713998036034351,0.04289960447502676,0.9896296262741089,-3.6954879760742188e-06,49.76,13.752303043490572,7.939895864136592,15.59462809662024,83.92537190337976,7.333333333333333,2.0816659994661326,1.2018504251546631,2.161770953892818,12.504895712773848,une ligne par configuration,3,3,49.76,13.752303043490572,0.9869999885559082,0.9911999702453612,0.0018801416962645273,0.035175089413921,0.006250364553685149,True,True
legacy-v1__act_relu__f1_32__f2_32__dropout_0p4,legacy-v1,relu,softmax,32,32,0.4,5.0,5.0,31850,4.5031094366713695,3,0,0.9911333322525024,0.0008020923476964508,0.00046308823285748477,0.9891406635865166,0.9931260009184882,0.027477344498038233,0.002054759407309364,0.0011863158969299772,0.02237262719354854,0.03258206180252793,0.9902962843577067,-0.0008370478947957727,58.931999999999995,3.9389074627363327,2.274129283923848,49.14642169127568,68.71757830872431,8.333333333333334,0.5773502691896255,0.3333333333333332,6.899000000000001,9.767666666666667,une ligne par configuration,3,3,58.931999999999995,3.9389074627363327,0.9902999997138976,0.9919000267982484,0.0008980943184356484,0.034090702732404034,0.0005182797767566131,True,True
legacy-v1__act_relu__f1_32__f2_40__dropout_0p4,legacy-v1,relu,softmax,32,40,0.4,5.0,5.321928094887363,39570,4.597366050266028,3,0,0.9902666608492533,0.0020526501561408585,0.001185098120200052,0.9851671836380325,0.9953661380604741,0.028294845794637934,0.0022970100354291175,0.0013261793622862728,0.0225882959987201,0.03400139559055577,0.9901851812998453,-8.147954940795898e-05,54.31466666666666,8.26164816082925,4.769864789604744,33.78993847699745,74.83939485633587,7.333333333333333,1.1547005383792517,0.6666666666666667,4.464666666666666,10.202,une ligne par configuration,3,3,54.31466666666666,8.26164816082925,0.9879999756813048,0.9919999837875366,0.0007229412703052204,0.03518909712632497,0.002542687490381519,True,True
legacy-v1__act_relu__f1_32__f2_48__dropout_0p4,legacy-v1,relu,softmax,32,48,0.4,5.0,5.584962500721156,47290,4.6747693140154265,3,0,0.9904999931653341,0.0016370946253982063,0.000945177022662544,0.9864328964368172,0.994567089893851,0.0283833481371402,0.002677578009177809,0.0015459003843750303,0.021731338783174445,0.03503535749110596,0.9906296531359354,0.00012965997060132572,60.31199999999999,11.772291705526156,6.796735785164325,31.0656459164379,89.55835408356208,7.666666666666667,1.5275252316519465,0.8819171036881969,3.871777369496356,11.461555963836979,une ligne par configuration,3,3,60.31199999999999,11.772291705526156,0.9886999726295472,0.9919000267982484,0.0014754469866458185,0.033375956118106766,0.0036309779487365074,True,True
legacy-v1__act_relu__f1_32__f2_64__dropout_0p4,legacy-v1,relu,softmax,32,64,0.4,5.0,6.0,62730,4.797475287537334,3,0,0.9905666708946228,0.0017155993091622773,0.0009905017229663768,0.9863045419806985,0.9948287998085471,0.0305012166500091,0.0015422895919819913,0.0008904413110991608,0.02666964768834941,0.03433278561166879,0.9906296332677206,6.296237309777464e-05,76.10366666666665,26.138101008553267,15.090839653393859,11.16778363811288,141.03954969522044,8.666666666666666,3.055050463303893,1.7638342073763937,1.076888072326044,16.256445261007286,une ligne par configuration,3,3,76.10366666666665,26.138101008553267,0.9890000224113464,0.9923999905586244,0.0012289394217548611,0.0357194269696871,0.0013522924246778712,True,True
