identifiant,classe_attendue,image_source,matrice_28x28,figure,mae_vers_moyenne,rmse_vers_moyenne,correlation_avec_moyenne
classe_0_mon_0_01,0,/Users/arthurperret/Library/Mobile Documents/com~apple~CloudDocs/Dev/Travaille-de-maturit-/donnees/brutes/ecritures_personnelles/mon_0.JPG,personnels/classe_0_mon_0_01/matrice_28x28.npy,personnels/classe_0_mon_0_01/comparaison.png,0.1401914358139038,0.2437109798192978,0.6393556865769339
classe_1_mon_1_01,1,/Users/arthurperret/Library/Mobile Documents/com~apple~CloudDocs/Dev/Travaille-de-maturit-/donnees/brutes/ecritures_personnelles/mon_1.JPG,personnels/classe_1_mon_1_01/matrice_28x28.npy,personnels/classe_1_mon_1_01/comparaison.png,0.0850633904337883,0.21272481977939606,0.47973644162753276
classe_2_mon_2_01,2,/Users/arthurperret/Library/Mobile Documents/com~apple~CloudDocs/Dev/Travaille-de-maturit-/donnees/brutes/ecritures_personnelles/mon_2.JPG,personnels/classe_2_mon_2_01/matrice_28x28.npy,personnels/classe_2_mon_2_01/comparaison.png,0.1342747062444687,0.23266597092151642,0.6074256424736469
classe_3_mon_3_01,3,/Users/arthurperret/Library/Mobile Documents/com~apple~CloudDocs/Dev/Travaille-de-maturit-/donnees/brutes/ecritures_personnelles/mon_3.JPG,personnels/classe_3_mon_3_01/matrice_28x28.npy,personnels/classe_3_mon_3_01/comparaison.png,0.11423885822296143,0.20271584391593933,0.7256758310739483
classe_4_mon_4_01,4,/Users/arthurperret/Library/Mobile Documents/com~apple~CloudDocs/Dev/Travaille-de-maturit-/donnees/brutes/ecritures_personnelles/mon_4.jpg,personnels/classe_4_mon_4_01/matrice_28x28.npy,personnels/classe_4_mon_4_01/comparaison.png,0.13192041218280792,0.25421595573425293,0.5655284970251809
classe_5_mon_5_01,5,/Users/arthurperret/Library/Mobile Documents/com~apple~CloudDocs/Dev/Travaille-de-maturit-/donnees/brutes/ecritures_personnelles/mon_5.JPG,personnels/classe_5_mon_5_01/matrice_28x28.npy,personnels/classe_5_mon_5_01/comparaison.png,0.13781245052814484,0.24453037977218628,0.6489314920060564
classe_6_mon_6_01,6,/Users/arthurperret/Library/Mobile Documents/com~apple~CloudDocs/Dev/Travaille-de-maturit-/donnees/brutes/ecritures_personnelles/mon_6.JPG,personnels/classe_6_mon_6_01/matrice_28x28.npy,personnels/classe_6_mon_6_01/comparaison.png,0.11742864549160004,0.21844454109668732,0.6114167001721137
classe_7_mon_7_01,7,/Users/arthurperret/Library/Mobile Documents/com~apple~CloudDocs/Dev/Travaille-de-maturit-/donnees/brutes/ecritures_personnelles/mon_7.JPG,personnels/classe_7_mon_7_01/matrice_28x28.npy,personnels/classe_7_mon_7_01/comparaison.png,0.148617684841156,0.2887534201145172,0.36820730789504197
classe_8_mon_8_01,8,/Users/arthurperret/Library/Mobile Documents/com~apple~CloudDocs/Dev/Travaille-de-maturit-/donnees/brutes/ecritures_personnelles/mon_8.JPG,personnels/classe_8_mon_8_01/matrice_28x28.npy,personnels/classe_8_mon_8_01/comparaison.png,0.11955070495605469,0.2123229205608368,0.6994675004514036
classe_9_mon_9_01,9,/Users/arthurperret/Library/Mobile Documents/com~apple~CloudDocs/Dev/Travaille-de-maturit-/donnees/brutes/ecritures_personnelles/mon_9.JPG,personnels/classe_9_mon_9_01/matrice_28x28.npy,personnels/classe_9_mon_9_01/comparaison.png,0.12425092607736588,0.24103069305419922,0.6727284272123979
